concept_id,label,tipos,y2023,y2024,y2025,n,score,multi,opts,confianza,accion_sugerida,aprobar,text_2023,text_2024,text_2025
attr_edad_anos,edad_anos,numerica,cp4_1,cp4_1,cp4_1,3,1.0,,na,CIERTO,comparable,,¿Cuántos años cumplidos tiene (NOMBRE)?,CP 4 ¿Cuántos años cumplidos tiene (NOMBRE)?,¿Cuántos años cumplidos tiene (NOMBRE)?
attr_nivel_max_estudios,nivel_max_estudios,categorica,cp8,cp8,cp8,3,1.0,,match,CIERTO,comparable,,¿Cuál es el nivel máximo de estudios terminado?,CP 8 ¿Cuál es el nivel máximo de estudios terminado?,¿Cuál es el nivel máximo de estudios terminado?
attr_nivel_actual_estudios,nivel_actual_estudios,categorica,cp9,cp9,cp9,3,0.96,,match,CIERTO,comparable,,¿Cuál es el nivel máximo de estudios actualmente cursando (s,9 ¿Cuál es el nivel máximo de estudios actualmente cursando ,¿Cuál es el nivel máximo de estudios actualmente cursando (s
attr_tipo_consulta,tipo_consulta,categorica,p83,p89,p100,3,0.89,,match,CIERTO,comparable,,Su última visita médica en fue:,P 89 Su última visita médica fue:,Su última visita médica fue:
attr_tipo_trabajo,tipo_trabajo,categorica,p3,p3,p1,3,0.82,,relabel?,CIERTO,comparable,,"Durante la semana pasada, ¿cuál fue su principal actividad l","P 3 Durante la semana pasada, ¿cuál fue su principal ocupaci","Durante la semana pasada, ¿cuál fue su principal ocupación? "
attr_sexo,sexo,categorica,cp2,cp2,cp2,3,0.38,,relabel?,CIERTO,comparable,,Sexo. A encuestadores: preguntar sexo (asignado de nacimient,CP 2 Sexo. A encuestadores: preguntar sexo (asignado de naci,¿Cuál es su sexo asignado al nacer?
attr_ingreso,ingreso,categorica,p144,p164,p167,3,0.3,,relabel?,CIERTO,comparable,,FINALMENTE: ¿Cuál es el ingreso mensual total del hogar?,FINALMENTE: ¿Cuál es el ingreso mensual total del hogar?,FINALMENTE: Tomando en cuenta a todas las personas que aport
attr_tipo_escuela,tipo_escuela,categorica,cp10,cp10,cp11,3,0.17,,match,CIERTO,comparable,,Tipo de escuela,CP 10 Tipo de escuela,¿La escuela a la que asiste es pública o privada?
attr_servicio_salud_donde_se_atendio,servicio_salud_donde_se_atendio,categorica,p80,p86,p97,3,1.0,,code_partial,CIERTO,solo_concepto,,¿En dónde se atendió?,P 86 ¿En dónde se atendió?,¿En dónde se atendió?
attr_afiliacion_servicio_salud,afiliacion_servicio_salud,categorica,cp6,cp6,cp6,3,0.53,,code_partial,CIERTO,solo_concepto,,¿Con cuál servicio médico cuenta (NOMBRE)?,CP 6 ¿Con cuál servicio médico cuenta (NOMBRE)?,"¿Con cuál servicio médico cuenta (NOMBRE)?

Nota para encues"
attr_modo_transporte,modo_transporte,categorica,p16,p16,p17,3,0.25,,code_diff,CIERTO,solo_concepto,,Durante el día de ayer: ¿Cuál de los siguientes modos de tra,P 16 Para su principal motivo de traslado que nos mencionó ¿,Para llegar al destino principal que nos mencionó ¿Cuál de l
c016,con quien vive en su hogar,categorica,cp5,cp5,cp5,3,1.0,,match,ALTO,comparable,,¿Con quién vive en su hogar?,CP 5 ¿Con quién vive en su hogar?,¿Con quién vive en su hogar?
c017,estudia actualmente,categorica,cp7,cp7,cp7,3,1.0,,match,ALTO,comparable,,(NOMBRE) ¿Estudia actualmente?,CP 7 (NOMBRE) ¿Estudia actualmente?,(NOMBRE) ¿Estudia actualmente?
c045,la fiscalia general de justicia es la responsabl,categorica,p109,p107,p119,3,1.0,,match,ALTO,comparable,,La Fiscalía General de Justicia es la responsable de investi,La Fiscalía General de Justicia es la responsable de investi,La Fiscalía General de Justicia es la responsable de investi
c056,en su opinion en su municipio la corrupcion es u,categorica,p119,p128,p136,3,1.0,,match,ALTO,comparable,,"En su opinión, en su municipio la corrupción es una práctica","En su opinión, en su municipio la corrupción es una práctica","En su opinión, en su municipio la corrupción es una práctica"
c064,cuenta con un equipo capacitado,categorica,p124_3,p142_3,p141,3,1.0,,match,ALTO,comparable,,¿Cuenta con un equipo capacitado?,P 142 3 ¿Cuenta con un equipo capacitado?,¿Cuenta con un equipo capacitado?
c065,ha cumplido con sus promesas de campana compromi,categorica,p124_4,p143_4,p142,3,1.0,,match,ALTO,comparable,,¿Ha cumplido con sus promesas de campaña/compromisos?,¿Ha cumplido con sus promesas de campaña/compromisos?,¿Ha cumplido con sus promesas de campaña/compromisos?
c070,es capaz de resolver los problemas del estado,categorica,p128_2,p141_2,p147,3,1.0,,match,ALTO,comparable,,¿Es capaz de resolver los problemas del Estado?,P 141 2 ¿Es capaz de resolver los problemas del Estado?,¿Es capaz de resolver los problemas del Estado?
c073,usted considera que samuel garcia toma la mayori,categorica,p129,p144,p151,3,1.0,,match,ALTO,comparable,,Usted considera que Samuel García toma la mayoría de sus dec,P 144 Usted considera que Samuel García toma la mayoría de s,Usted considera que Samuel García toma la mayoría de sus dec
c081,asistir a marchas caminatas o manifestaciones,categorica,p139_1,p157_1,p161_1,3,1.0,,match,ALTO,comparable,,"Asistir a marchas, caminatas o manifestaciones.","P 157 1 Asistir a marchas, caminatas o manifestaciones.","Asistir a marchas, caminatas o manifestaciones."
c083,participar en dialogos con autoridades consejos ,categorica,p139_2,p157_2,p161_2,3,1.0,,match,ALTO,comparable,,Participar en diálogos con autoridades (Consejos o comités c,P 157 2 Participar en diálogos con autoridades (Consejos o c,Participar en diálogos con autoridades (Consejos o comités c
c084,hacer voluntariado en una asociacion civil o col,categorica,p139_3,p157_3,p161_3,3,1.0,,match,ALTO,comparable,,Hacer voluntariado en una asociación civil o colectivo.,P 157 3 Hacer voluntariado en una asociación civil o colecti,Hacer voluntariado en una asociación civil o colectivo.
c085,participar en juntas comites de vecinos,categorica,p139_4,p157_4,p161_4,3,1.0,,match,ALTO,comparable,,Participar en juntas/comités de vecinos.,P 157 4 Participar en juntas/comités de vecinos.,Participar en juntas/comités de vecinos.
c087,contactarse con los medios de comunicacion,categorica,p139_6,p157_6,p161_6,3,1.0,,match,ALTO,comparable,,Contactarse con los medios de comunicación.,P 157 6 Contactarse con los medios de comunicación.,Contactarse con los medios de comunicación.
c088,firmar peticiones en linea,categorica,p139_7,p157_7,p161_7,3,1.0,,match,ALTO,comparable,,Firmar peticiones en línea.,P 157 7 Firmar peticiones en línea.,Firmar peticiones en línea.
c089,votar o proponer en que se deberia gastar el pre,categorica,p139_8,p157_8,p161_8,3,1.0,,match,ALTO,comparable,,Votar o proponer en qué se debería gastar el presupuesto par,P 157 8 Votar o proponer en qué se debería gastar el presupu,Votar o proponer en qué se debería gastar el presupuesto par
c090,solicitar apoyo o presentar quejas a funcionario,categorica,p139_9,p157_9,p161_9,3,1.0,,match,ALTO,comparable,,Solicitar apoyo o presentar quejas a funcionarios o autorida,P 157 9 Solicitar apoyo o presentar quejas a funcionarios o ,Solicitar apoyo o presentar quejas a funcionarios o autorida
c098,cuantas personas viajan en el auto,numerica,p16_8,p18_8,p18,3,1.0,,na,ALTO,comparable,,¿Cuántas personas viajan en el auto?:,P 18 8 ¿Cuántas personas viajan en el auto?:,¿Cuántas personas viajan en el auto?:
c101,min,numerica,p18_2,p10_2,p20_2,3,1.0,,na,ALTO,comparable,,Min:,P 10 2 Min___,Min____
c105,cual fue el costo total de su viaje principal de,numerica,p21,p23,p24,3,1.0,,na,ALTO,comparable,,¿Cuál fue el COSTO TOTAL de su viaje principal de IDA a su d,P 23 ¿Cuál fue el COSTO TOTAL de su viaje principal de IDA a,¿Cuál fue el COSTO TOTAL de su viaje principal de IDA a su d
c106,cual fue el costo total de su viaje principal de,numerica,p22,p24,p25,3,1.0,,na,ALTO,comparable,,¿Cuál fue el COSTO TOTAL de su viaje principal de REGRESO a ,P 24 ¿Cuál fue el COSTO TOTAL de su viaje principal de REGRE,¿Cuál fue el COSTO TOTAL de su viaje principal de REGRESO a 
c114,si necesita viajar a zonas que normalmente no vi,categorica,p27_2,p31_2,p32_2,3,1.0,,match,ALTO,comparable,,"Si necesita viajar a zonas que normalmente no visita, ¿sabe ","Si necesita viajar a zonas que normalmente no visita, ¿sabe ","Si necesita viajar a zonas que normalmente no visita, ¿sabe "
c116,en su viaje regularmente puede ir sentado a,categorica,p27_4,p31_4,p32_4,3,1.0,,match,ALTO,comparable,,"En su viaje, ¿regularmente puede ir sentado(a)?","P 31 4 En su viaje, ¿regularmente puede ir sentado(a)?","En su viaje, ¿regularmente puede ir sentado(a)?"
c118,las unidades de transporte publico que utiliza e,categorica,p27_6,p31_6,p32_6,3,1.0,,match,ALTO,comparable,,¿Las unidades de transporte público que utiliza están climat,P 31 6 ¿Las unidades de transporte público que utiliza están,¿Las unidades de transporte público que utiliza están climat
c119,le miraron morbosamente el cuerpo,categorica,p28_1,p34_1,p39_1,3,1.0,,match,ALTO,comparable,,Le miraron morbosamente el cuerpo,P 34 1 Le miraron morbosamente el cuerpo,Le miraron morbosamente el cuerpo
c120,le dijeron piropos obscenos u ofensivos de carac,categorica,p28_2,p34_2,p39_2,3,1.0,,match,ALTO,comparable,,Le dijeron piropos obscenos u ofensivos de carácter sexual,Le dijeron piropos obscenos u ofensivos de carácter sexual,Le dijeron piropos obscenos u ofensivos de carácter sexual
c121,le hicieron sentir miedo de sufrir un ataque o a,categorica,p28_3,p34_3,p39_3,3,1.0,,match,ALTO,comparable,,Le hicieron sentir miedo de sufrir un ataque o abuso sexual,Le hicieron sentir miedo de sufrir un ataque o abuso sexual,Le hicieron sentir miedo de sufrir un ataque o abuso sexual
c122,le tocaron o manosearon el cuerpo sin su consent,categorica,p28_4,p34_4,p39_4,3,1.0,,match,ALTO,comparable,,Le tocaron o manosearon el cuerpo sin su consentimiento,Le tocaron o manosearon el cuerpo sin su consentimiento,Le tocaron o manosearon el cuerpo sin su consentimiento
c124,asientos danados o sucios,categorica,p30_1,p33_1,p36_1,3,1.0,,match,ALTO,comparable,,Asientos dañados o sucios.,P 33 1 Asientos dañados o sucios.,Asientos dañados o sucios.
c125,vidrios rotos,categorica,p30_2,p33_2,p36_2,3,1.0,,match,ALTO,comparable,,Vidrios rotos.,P 33 2 Vidrios rotos.,Vidrios rotos.
c128,echa humo contaminante,categorica,p30_5,p33_5,p36_3,3,1.0,,match,ALTO,comparable,,Echa humo contaminante.,P 33 5 Echa humo contaminante.,Echa humo contaminante.
c129,puertas o ventanas que no cierran adecuadamente,categorica,p30_6,p33_6,p36_4,3,1.0,,match,ALTO,comparable,,Puertas o ventanas que no cierran adecuadamente.,P 33 6 Puertas o ventanas que no cierran adecuadamente.,Puertas o ventanas que no cierran adecuadamente.
c130,timbre danado o inexistente si el timbre esta da,categorica,p30_7,p33_7,p36_5,3,1.0,,match,ALTO,comparable,,Timbre dañado o inexistente (Si el timbre está dañado o no e,P 33 7 Timbre dañado o inexistente (Si el timbre está dañado,Timbre dañado o inexistente (Si el timbre está dañado o no e
c131,goteras en epoca de lluvia,categorica,p30_8,p33_8,p36_6,3,1.0,,match,ALTO,comparable,,Goteras en época de lluvia.,P 33 8 Goteras en época de lluvia.,Goteras en época de lluvia.
c132,aparatos validadores de tarjeta danados o inexis,categorica,p30_9,p33_9,p36_7,3,1.0,,match,ALTO,comparable,,Aparatos validadores de tarjeta dañados o inexistentes. (Si ,P 33 9 Aparatos validadores de tarjeta dañados o inexistente,Aparatos validadores de tarjeta dañados o inexistentes. (Si 
c135,cuantas bicicletas hay en el hogar,numerica,p33,p36,p46,3,1.0,,na,ALTO,comparable,,¿Cuántas bicicletas hay en el hogar?,P 36 ¿Cuántas bicicletas hay en el hogar?,¿Cuántas bicicletas hay en el hogar?
c136,durante los viajes que realiza en la semana para,categorica,p34,p37,p47,3,1.0,,match,ALTO,comparable,,Durante los viajes que realiza en la semana ¿para alguno uti,P 37 Durante los viajes que realiza en la semana ¿para algun,Durante los viajes que realiza en la semana ¿para alguno uti
c138,cuantos vehiculos de motor autos y camionetas ha,numerica,p36,p39,p49,3,1.0,,na,ALTO,comparable,,¿Cuántos vehículos de motor (autos y camionetas) hay en el h,¿Cuántos vehículos de motor (autos y camionetas) hay en el h,¿Cuántos vehículos de motor (autos y camionetas) hay en el h
c139,en esta vivienda cual es el gasto total por sema,numerica,p37,p40,p50,3,1.0,,na,ALTO,comparable,,En esta vivienda ¿Cuál es el gasto total por semana en gasol,En esta vivienda ¿Cuál es el gasto total por semana en gasol,En esta vivienda ¿Cuál es el gasto total por semana en gasol
c166,por lo general con que frecuencia visita los par,categorica,p51,p60,p70,3,1.0,,match,ALTO,comparable,,Por lo general ¿con qué frecuencia visita los parques de su ,P 60 Por lo general ¿con qué frecuencia visita los parques d,Por lo general ¿con qué frecuencia visita los parques de su 
c167,estan limpios y tienen buena imagen,categorica,p52_1,p61_1,p71_1,3,1.0,,match,ALTO,comparable,,Están limpios y tienen buena imagen.,P 61 1 Están limpios y tienen buena imagen.,¿Están limpios y tienen buena imagen?
c169,cuentan con espacios para hacer ejercicio cancha,categorica,p52_3,p61_3,p71_3,3,1.0,,match,ALTO,comparable,,"Cuentan con espacios para hacer ejercicio (canchas, aparatos","P 61 3 Cuentan con espacios para hacer ejercicio (canchas, a","¿Cuentan con espacios para hacer ejercicio (canchas, aparato"
c187,cuantos dias a la semana trabaja,numerica,p6,p6,p4,3,1.0,,na,ALTO,comparable,,¿Cuántos días a la semana trabaja?:,P 6 ¿Cuántos días a la semana trabaja?:,¿Cuántos días a la semana trabaja?:
c192,y como cree usted que sera la situacion economic,categorica,p64,p74,p87,3,1.0,,match,ALTO,comparable,,¿Y cómo cree usted que será la SITUACIÓN económica DE SU HOG,P 74 ¿Y cómo cree usted que será la SITUACIÓN económica DE S,¿Y cómo cree usted que será la SITUACIÓN económica DE SU HOG
c193,con el total del ingreso del hogar diria usted q,categorica,p65,p75,p88,3,1.0,,match,ALTO,comparable,,"Con el TOTAL DEL INGRESO DEL HOGAR, diría usted que…","P 75 Con el TOTAL DEL INGRESO DEL HOGAR, diría usted que…","Con el TOTAL DEL INGRESO DEL HOGAR, diría usted que…"
c197,por su forma de vestir o arreglo personal tatuaj,categorica,p68_10,p77_10,p89_10,3,1.0,,match,ALTO,comparable,,"por su forma de vestir o arreglo personal (tatuajes, ropa, f","P 77 10 por su forma de vestir o arreglo personal (tatuajes,","por su forma de vestir o arreglo personal (tatuajes, ropa, f"
c198,por tener sobrepeso u obesidad,categorica,p68_11,p77_11,p89_11,3,1.0,,match,ALTO,comparable,,por tener sobrepeso u obesidad?,P 77 11 por tener sobrepeso u obesidad?,por tener sobrepeso u obesidad?
c199,por tener alguna enfermedad,categorica,p68_12,p77_12,p89_12,3,1.0,,match,ALTO,comparable,,por tener alguna enfermedad?,P 77 12 por tener alguna enfermedad?,por tener alguna enfermedad?
c200,por ser migrante,categorica,p68_13,p77_13,p89_13,3,1.0,,match,ALTO,comparable,,por ser migrante?,P 77 13 por ser migrante?,por ser migrante?
c201,por su identidad o expresion de genero personas ,categorica,p68_14,p77_14,p89_14,3,1.0,,match,ALTO,comparable,,por su identidad o expresión de género (personas trans y no ,P 77 14 por su identidad o expresión de género (personas tra,por su identidad o expresión de género (personas trans y no 
c202,por haber estado en la carcel,categorica,p68_15,p77_15,p89_15,3,1.0,,match,ALTO,comparable,,por haber estado en la cárcel?,P 77 15 por haber estado en la cárcel?,por haber estado en la cárcel?
c205,por estar en situacion de calle,categorica,p68_2,p77_2,p89_2,3,1.0,,match,ALTO,comparable,,por estar en situación de calle?,P 77 2 por estar en situación de calle?,por estar en situación de calle?
c207,por su edad,categorica,p68_4,p77_4,p89_4,3,1.0,,match,ALTO,comparable,,por su edad?,P 77 4 por su edad?,por su edad?
c208,por su nivel economico,categorica,p68_5,p77_5,p89_5,3,1.0,,match,ALTO,comparable,,por su nivel económico?,P 77 5 por su nivel económico?,por su nivel económico?
c209,por su origen etnico indigena afrodescendiente e,categorica,p68_6,p77_6,p89_6,3,1.0,,match,ALTO,comparable,,"Por su origen étnico (indígena, afrodescendiente, etc)","P 77 6 por su origen étnico (indígena, afrodescendiente, etc","por su origen étnico (indígena, afrodescendiente, etc)"
c210,por ser persona con discapacidad,categorica,p68_7,p77_7,p89_7,3,1.0,,match,ALTO,comparable,,por ser persona con discapacidad?,P 77 7 por ser persona con discapacidad?,por ser persona con discapacidad?
c212,por su color de piel,categorica,p68_9,p77_9,p89_9,3,1.0,,match,ALTO,comparable,,por su color de piel?,P 77 9 por su color de piel?,por su color de piel?
c214,mexico deberia admitir a mas personas migrantes ,categorica,p70_1,p79_1,p90_1,3,1.0,,match,ALTO,comparable,,México debería admitir a más personas migrantes al país.,México debería admitir a más personas migrantes al país.,México debería admitir a más personas migrantes al país.
c230,fondo de ahorro para el retiro,categorica,p7_4,p7_4,p5_4,3,1.0,,match,ALTO,comparable,,Fondo de ahorro para el retiro,P 7 4 Fondo de ahorro para el retiro,Fondo de ahorro para el retiro
c231,aguinaldo,categorica,p7_5,p7_5,p5_5,3,1.0,,match,ALTO,comparable,,Aguinaldo,P 7 5 Aguinaldo,Aguinaldo
c232,bonos de despensa,categorica,p7_6,p7_6,p5_6,3,1.0,,match,ALTO,comparable,,Bonos de despensa,P 7 6 Bonos de despensa,Bonos de despensa
c236,en esta ultima consulta,categorica,p85,p91,p102,3,1.0,,match,ALTO,comparable,,En esta última consulta,P 91 En esta última consulta,En esta última consulta
c242,atencion y el servicio por parte del personal ad,categorica,p88_3,p94_3,p105_2,3,1.0,,match,ALTO,comparable,,Atención y el servicio por parte del personal administrativo,Atención y el servicio por parte del personal administrativo,Atención y el servicio por parte del personal administrativo
c243,horarios de atencion,categorica,p88_4,p94_4,p105_3,3,1.0,,match,ALTO,comparable,,Horarios de atención.,P 94 4 Horarios de atención.,Horarios de atención.
c244,informacion recibida sobre el padecimiento,categorica,p88_5,p94_5,p105_4,3,1.0,,match,ALTO,comparable,,Información recibida sobre el padecimiento.,P 94 5 Información recibida sobre el padecimiento.,Información recibida sobre el padecimiento.
c249,se ha sentido decaido a deprimido a,categorica,p91_1,p96_1,p107_1,3,1.0,,match,ALTO,comparable,,"Se ha sentido decaído/a, deprimido/a","P 96 1 Se ha sentido decaído/a, deprimido/a","Se ha sentido decaído/a, deprimido/a"
c250,se ha sentido nervioso a ansioso a o muy alterad,categorica,p91_2,p96_2,p107_2,3,1.0,,match,ALTO,comparable,,"Se ha sentido nervioso/a, ansioso/a o muy alterado/a (con di","P 96 2 Se ha sentido nervioso/a, ansioso/a o muy alterado/a ","Se ha sentido nervioso/a, ansioso/a o muy alterado/a (con di"
c251,ha tardado mas de 30 minutos en poder dormir o s,categorica,p91_3,p96_3,p107_3,3,1.0,,match,ALTO,comparable,,"¿Ha tardado más de 30 minutos en poder dormir, o se despiert","P 96 3 ¿Ha tardado más de 30 minutos en poder dormir, o se d","¿Ha tardado más de 30 minutos en poder dormir, o se despiert"
c043,las mujeres comparten la responsabilidad con sus,categorica,p107_3,p115_3,p126_3,3,0.96,,match,ALTO,comparable,,Las mujeres comparten la responsabilidad con sus victimarios,3 Las mujeres comparten la responsabilidad con sus victimari,Las mujeres comparten la responsabilidad con sus victimarios
c117,los choferes manejan en forma prudente y segura ,categorica,p27_5,p31_5,p32_5,3,0.96,,match,ALTO,comparable,,¿Los choferes manejan en forma prudente y segura? (manejan a,¿Los choferes manejan en forma prudente y segura? (manejan a,¿Los choferes regularmente manejan en forma prudente y segur
c042,las mujeres tienen un mayor riesgo de ser agredi,categorica,p107_2,p115_2,p126_2,3,0.95,,match,ALTO,comparable,,Las mujeres tienen un mayor riesgo de ser agredidas que los ,2 Las mujeres tienen un mayor riesgo de ser agredidas que lo,Las mujeres tienen un mayor riesgo de ser agredidas que los 
c066,usted considera que de alcalde alcaldesa toma la,categorica,p125,p136,p144,3,0.94,,match,ALTO,comparable,,Usted considera que (Nombre de ALCALDE/ALCALDESA) toma la ma,Usted considera que (Nombre de ALCALDE/ALCALDESA) tomó la ma,Usted considera que (Nombre de ALCALDE/ALCALDESA) toma la ma
c171,cuentan con infraestructura necesaria rampas par,categorica,p52_5,p61_5,p71_5,3,0.94,,match,ALTO,comparable,,Cuentan con infraestructura necesaria (rampas para personas ,Cuentan con infraestructura necesaria (rampas para personas ,¿Cuentan con infraestructura necesaria (rampas para personas
c115,se siente seguro viajando en el transporte publi,categorica,p27_3,p31_3,p32_3,3,0.93,,match,ALTO,comparable,,¿Se siente seguro viajando en el transporte público?,P 31 3 ¿Se siente seguro(a) viajando en el transporte públic,¿Se siente seguro(a) viajando en el transporte público?
c080,en terminos generales aprueba o desaprueba el tr,categorica,p137,p146,p152,3,0.9,,match,ALTO,comparable,,"En términos generales, ¿aprueba o desaprueba el trabajo que ","En términos generales, ¿aprueba o desaprueba el trabajo que ","En términos generales, ¿aprueba o desaprueba el trabajo que "
c102,realizo algun transbordo en su viaje de ida camb,categorica,p19,p21,p22,3,0.9,,match,ALTO,comparable,,"""¿Realizó algún transbordo en su viaje de ida? (Cambio de un",¿Realizó algún transbordo en su viaje de ida a su destino pr,¿Realizó algún transbordo en su viaje de ida a su destino pr
c161,en su colonia existen perros o gatos abandonados,categorica,p47,p53,p63,3,0.89,,match,ALTO,comparable,,¿En su colonia existen perros o gatos abandonados / en la ca,P 53 ¿En su colonia existen perros o gatos abandonados / en ,¿En su colonia existen perros o gatos en la calle o abandona
c067,en terminos generales aprueba o desaprueba el tr,categorica,p126,p137,p145,3,0.88,,match,ALTO,comparable,,"En términos generales, ¿aprueba o desaprueba el trabajo que ","P 137 En términos generales, ¿aprueba o desaprueba el trabaj","En términos generales, ¿aprueba o desaprueba el trabajo que "
c055,la corrupcion consiste en el abuso de poder para,categorica,p118,p127,p135,3,0.87,,match,ALTO,comparable,,La corrupción consiste en el abuso de poder para beneficio p,La corrupción consiste en el abuso de poder para beneficio p,La corrupción consiste en el abuso de poder para beneficio p
c063,es capaz de resolver los problemas del municipio,categorica,p124_2,p132_2,p140,3,0.87,,match,ALTO,comparable,,¿Es capaz de resolver los problemas del municipio?,P 132 2 ¿Fue capaz de resolver los problemas del municipio?,¿Es capaz de resolver los problemas del municipio?
c170,cuentan con suficientes arboles y vegetacion en ,categorica,p52_4,p61_4,p71_4,3,0.86,,match,ALTO,comparable,,Cuentan con suficientes árboles y vegetación en el suelo bie,Cuentan con suficientes árboles que brinden sombra y vegetac,¿Cuentan con suficientes árboles que brinden sombra y vegeta
c008,en caso de responder si al menos para un estudia,categorica,cp13,cp13,,2,1.0,,match,ALTO,comparable,,En caso de responder SÍ al menos para un estudiante del hoga,"En caso de responder ""Sí"" al menos para un estudiante del ho",
c013,secundaria,categorica,cp16_2,cp17_2,,2,1.0,,match,ALTO,comparable,,Secundaria,CP 17 2 Secundaria,
c014,media superior preparatoria bachillerato,categorica,cp16_3,cp17_3,,2,1.0,,match,ALTO,comparable,,"Media Superior (Preparatoria, bachillerato)","CP 17 3 Media Superior (Preparatoria, bachillerato)",
c034,durante el ultimo ano ha tenido contacto con la ,categorica,p102,p110,,2,1.0,,match,ALTO,comparable,,"Durante el último año, ¿ha tenido contacto con la policía o ","P 110 Durante el último año, ¿ha tenido contacto con la poli",
c035,si respondio que si a la pregunta anterior con q,categorica,p103,p111,,2,1.0,,match,ALTO,comparable,,"Si respondió que sí a la pregunta anterior, ¿con qué institu","P 111 Si respondió que sí a la pregunta anterior, ¿con qué i",
c036,la policia cumplio con su labor,categorica,p104_1,p112_1,,2,1.0,,match,ALTO,comparable,,La policía cumplió con su labor.,P 112 1 La policía cumplió con su labor.,
c040,considera que la violencia hacia las mujeres en ,categorica,p106,p114,,2,1.0,,match,ALTO,comparable,,Considera que la violencia hacia las mujeres en la vía públi,Considera que la violencia hacia las mujeres en la vía públi,
c075,para usted el gobierno de samuel garcia ha sido,categorica,p130,p145,,2,1.0,,match,ALTO,comparable,,"Para usted, el gobierno de Samuel García ha sido:","Para usted, el gobierno de Samuel García ha sido:",
c082,otra especificar,categorica,p139_10,p157__10,,2,1.0,,match,ALTO,comparable,,Otra. Especificar,P 157 10 Otra. Especificar,
c104,cuantos transbordos realizo en su viaje de ida,categorica,p20,,p23,2,1.0,,match,ALTO,comparable,,¿Cuántos transbordos realizó en su viaje de ida?,,¿Cuántos transbordos realizó en su viaje de ida?
c107,cual es su gasto total semanal en transporte pub,numerica,p23,p25,,2,1.0,,na,ALTO,comparable,,¿Cuál es su gasto total semanal en transporte público?,P 25 ¿Cuál es su gasto total semanal en transporte público?,
c110,cuanto tiempo tardo de vuelta en el medio que lo,numerica,p25_1,p27_1,,2,1.0,,na,ALTO,comparable,,¿Cuánto tiempo tardó de vuelta en el medio que lo transportó,¿Cuánto tiempo tardó de vuelta en el medio que lo transportó,
c126,grafiti y rayones,categorica,p30_3,p33_3,,2,1.0,,match,ALTO,comparable,,Grafiti y rayones.,P 33 3 Grafiti y rayones.,
c127,ruidoso escandaloso,categorica,p30_4,p33_4,,2,1.0,,match,ALTO,comparable,,"Ruidoso, escandaloso.","P 33 4 Ruidoso, escandaloso.",
c151,considera que en su colonia existe un problema d,categorica,p41,p46,,2,1.0,,match,ALTO,comparable,,¿Considera que en su colonia existe un problema de viviendas,P 46 ¿Considera que en su colonia existe un problema de vivi,
c153,solo para quienes responden 1 y 2 la vivienda a ,categorica,p43,p48,,2,1.0,,match,ALTO,comparable,,Solo para quienes responden 1 y 2. La vivienda a la que se m,P 48 Solo para quienes responden 1 y 2. La vivienda a la que,
c164,cuantas horas trabaja al dia considerando hora d,numerica,p5,,p3_1,2,1.0,,na,ALTO,comparable,,¿Cuántas horas trabaja al día (considerando hora de comida)?,,¿Cuántas horas trabaja al día (considerando hora de comida)?
c168,son seguros para usted y su familia,categorica,p52_2,,p71_2,2,1.0,,match,ALTO,comparable,,Son seguros para usted y su familia.,,¿Son seguros para usted y su familia?
c173,implementar verificacion vehicular revision de l,categorica,p54_1,p63_1,,2,1.0,,match,ALTO,comparable,,Implementar verificación vehicular (revisión de las emisione,P 63 1 Implementar verificación vehicular (revisión de las e,
c174,implementar hoy no circula programa en el que sa,categorica,p54_2,p63_2,,2,1.0,,match,ALTO,comparable,,"Implementar ""Hoy no circula"" (Programa en el que salen de ci","P 63 2 Implementar ""Hoy no circula"" (Programa en el que sale",
c175,retirar de circulacion a vehiculos contaminantes,categorica,p54_3,p63_3,,2,1.0,,match,ALTO,comparable,,Retirar de circulación a vehículos contaminantes,P 63 3 Retirar de circulación a vehículos contaminantes,
c176,invertir mas en transporte publico y menos en in,categorica,p54_4,p63_4,,2,1.0,,match,ALTO,comparable,,Invertir más en transporte público y menos en infraestructur,P 63 4 Invertir más en transporte público y menos en infraes,
c177,sancionar a industrias que contaminen aunque imp,categorica,p54_5,p63_5,,2,1.0,,match,ALTO,comparable,,"Sancionar a industrias que contaminen, aunque implique su cl","P 63 5 Sancionar a industrias que contaminen, aunque impliqu",
c206,por su embarazo,categorica,p68_3,p77_3,,2,1.0,,match,ALTO,comparable,,por su embarazo?,P 77 3 por su embarazo?,
c213,en los ultimos 12 meses considera que la cantida,categorica,p69,p78,,2,1.0,,match,ALTO,comparable,,"En los últimos 12 meses, ¿considera que la cantidad de perso","P 78 En los últimos 12 meses, ¿considera que la cantidad de ",
c217,el aumento de personas migrantes en el estado es,categorica,p70_4,p79_3,,2,1.0,,match,ALTO,comparable,,El aumento de personas migrantes en el estado está relaciona,El aumento de personas migrantes en el estado está relaciona,
c221,considera que tiene sobrepeso u obesidad,categorica,p74,p80,,2,1.0,,match,ALTO,comparable,,¿Considera que tiene sobrepeso u obesidad?,P 80 ¿Considera que tiene sobrepeso u obesidad?,
c226,si es cronica le estan dando un seguimiento adec,categorica,p79,p85,,2,1.0,,match,ALTO,comparable,,Si es crónica ¿Le están dando un seguimiento adecuado? (Si l,P 85 Si es crónica ¿Le están dando un seguimiento adecuado? ,
c229,guarderia,categorica,p7_3,p7_3,,2,1.0,,match,ALTO,comparable,,Guardería,P 7 3 Guardería,
c241,trato y atencion de personal de enfermeria y tec,categorica,p88_2,p94_2,,2,1.0,,match,ALTO,comparable,,Trato y atención de personal de enfermería y técnicos.,P 94 2 Trato y atención de personal de enfermería y técnicos,
c277,en la escuela a la que asiste existen dispositiv,categorica,,cp15,cp16,2,1.0,,match,ALTO,comparable,,,CP 15 En la escuela a la que asiste NOMBRE DEL ESTUDIANTE ex,En la escuela a la que asiste NOMBRE DEL ESTUDIANTE existen 
c300,es un gobernante honesto,categorica,,p140_1,p146,2,1.0,,match,ALTO,comparable,,,P 140 1 ¿Es un gobernante honesto?,¿Es un gobernante honesto?
c306,sabe quien es la o el diputado local del distrit,categorica,,p151_2,p154,2,1.0,,match,ALTO,comparable,,,P 151 2 ¿Sabe quién es la o el diputado local del distrito e,¿Sabe quién es la o el diputado local del distrito en el que
c308,en terminos generales considera que las y los di,categorica,,p153_4,p156,2,1.0,,match,ALTO,comparable,,,P 153 4 En términos generales ¿considera que las y los diput,En términos generales ¿considera que las y los diputados del
c311,como vamos nuevo leon,categorica,,p158_1,p162_1,2,1.0,,match,ALTO,comparable,,,"P 158 1 Cómo Vamos, Nuevo León.","Cómo Vamos, Nuevo León."
c312,alcalde como vamos,categorica,,p158_2,p162_2,2,1.0,,match,ALTO,comparable,,,"P 158 2 Alcalde, Cómo Vamos?","Alcalde, Cómo Vamos?"
c327,hay banquetas durante todo su trayecto,categorica,,p43_3,p44_3,2,1.0,,match,ALTO,comparable,,,P 43 3 ¿Hay banquetas durante todo su trayecto?,¿Hay banquetas durante todo su trayecto?
c328,las banquetas estan danadas roturas hoyos etc,categorica,,p43_6,p44_6,2,1.0,,match,ALTO,comparable,,,"P 43 6 ¿Las banquetas están dañadas? (roturas, hoyos, etc)","¿Las banquetas están dañadas? (roturas, hoyos, etc)"
c331,disminucion de la presion del agua,categorica,,p55,p66,2,1.0,,match,ALTO,comparable,,,P 55 1 Disminución de la presión del agua,Disminución de la presión del agua
c342,durante momentos de mucho calor en su casa puede,categorica,,p69,p81,2,1.0,,match,ALTO,comparable,,,Durante momentos de mucho calor ¿En su casa puede mantener u,Durante momentos de mucho calor ¿En su casa puede mantener u
c343,durante momentos de mucho frio en su casa puede ,categorica,,p70,p82,2,1.0,,match,ALTO,comparable,,,Durante momentos de mucho frío ¿En su casa puede mantener un,Durante momentos de mucho frío ¿En su casa puede mantener un
c345,flexibilidad de horario poder elegir hora de ent,categorica,,p7_7,p5_7,2,1.0,,match,ALTO,comparable,,,"P 7 7 Flexibilidad de horario (poder elegir hora de entrada,","Flexibilidad de horario (poder elegir hora de entrada, salid"
c346,transporte privado de la empresa,categorica,,p7_8,p5_8,2,1.0,,match,ALTO,comparable,,,P 7 8 Transporte privado (de la empresa),Transporte privado (de la empresa)
c347,minutos,numerica,,p92_2,p103_2,2,1.0,,na,ALTO,comparable,,,P 92 2 Minutos ____,Minutos ____
c350,regularmente realiza ejercicio o practica algun ,categorica,,p97,p108,2,1.0,,match,ALTO,comparable,,,P 97 ¿Regularmente realiza ejercicio o practica algún deport,¿Regularmente realiza ejercicio o practica algún deporte dur
c019,numero de acciones de participacion ciudadana me,numerica,num_acciones_participacion_ciudadana,,num_acciones_pc,2,0.94,,na,ALTO,comparable,,Número de acciones de participación ciudadana mencionadas an,,Número de acciones de participación ciudadana mencionadas an
c195,considera que las mujeres tienen las mismas opor,categorica,p67,p76,,2,0.94,,match,ALTO,comparable,,¿Considera que las mujeres tienen las mismas oportunidades l,P 76 ¿Considera que las mujeres tienen las mismas oportunida,
c329,8 existen suficientes arboles que le brinden som,categorica,,p43_8,p44_8,2,0.93,,match,ALTO,comparable,,,8 ¿Existen suficientes árboles que le brinden sombra?,¿Existen suficientes árboles que le brinden sombra?
c100,cuanto tiempo espero para tomar su principal med,numerica,p18_1,,p21_1,2,0.91,,na,ALTO,comparable,,¿Cuánto tiempo esperó para tomar su principal medio de trans,,¿Cuánto tiempo esperó para tomar su principal modo de transp
c286,durante el dia de ayer salio de casa nota cuando,categorica,,p11,p10,2,0.91,,match,ALTO,comparable,,,¿Durante el día de ayer salió de casa? Nota: Cuando la entre,"¿Durante el día de ayer salió de casa?

Nota para encuestado"
c196,cree que en nuevo leon se discrimina a la gente ,categorica,p68_1,p77_1,,2,0.89,,match,ALTO,comparable,,¿Cree que en Nuevo León se discrimina a la gente: por ser mu,P 77 1 por ser mujer? ¿Cree que en Nuevo León se discrimina ,
c309,en terminos generales aprueba o desaprueba el tr,categorica,,p154_5,p157,2,0.89,,match,ALTO,comparable,,,P 154 5 En términos generales ¿aprueba o desaprueba el traba,En términos generales ¿aprueba o desaprueba el trabajo que h
c020,numero de razones por las que cree que en nuevo ,numerica,num_discriminaciones,,num_discriminaciones,2,0.88,,na,ALTO,comparable,,Número de razones por las que cree que en Nuevo León se disc,,Número de razones por las que cree que se le discrimina a la
c285,al dia cuantas horas destina a actividades de oc,numerica,,p10_1,p9_1,2,0.87,,na,ALTO,comparable,,,"Al día, ¿cuántas horas destina a actividades de ocio o no re","Pensando en un día típico, ¿cuántas horas en promedio destin"
c058,usted o algun conocido o familiar experimento al,categorica,p120,p129,,2,0.86,,match,ALTO,comparable,,¿Usted o algún conocido o familiar experimentó algún acto de,¿Usted o algún conocido o familiar experimentó algún acto de,
c005,cuantas personas viven en este hogar,categorica/numerica,cp1,cp1,cp1,3,1.0,,na,REVISAR,revisar,,¿Cuantas personas viven en este hogar?,CP 1 ¿Cuantas personas viven en este hogar?,¿Cuantas personas viven en este hogar?
c029,policia de su municipio y barrio,categorica/numerica,p101_1,p109_1,p121_1,3,1.0,,match,REVISAR,revisar,,Policía de su Municipio y Barrio,P 109 1 Policía de su Municipio y Barrio,Policía de su Municipio y Barrio
c030,fuerza civil,categorica/numerica,p101_2,p109_2,p121_2,3,1.0,,match,REVISAR,revisar,,Fuerza Civil,P 109 2 Fuerza Civil,Fuerza Civil
c031,guardia nacional,categorica/numerica,p101_3,p109_3,p121_3,3,1.0,,match,REVISAR,revisar,,Guardia Nacional,P 109 3 Guardia Nacional,Guardia Nacional
c032,ejercito y marina,categorica/numerica,p101_4,p109_4,p121_4,3,1.0,,match,REVISAR,revisar,,Ejército y Marina,P 109 4 Ejército y Marina,Ejército y Marina
c033,transito,categorica/numerica,p101_5,p109_5,p121_5,3,1.0,,match,REVISAR,revisar,,Tránsito,P 109 5 Tránsito,Tránsito
c148,del 1 al 10 como califica la calidad y estado de,categorica/numerica,p39,p44,p45,3,1.0,,match,REVISAR,revisar,,Del 1 al 10 ¿Cómo califica la calidad y estado de las banque,Del 1 al 10 ¿Cómo califica la calidad y estado de las banque,Del 1 al 10 ¿Cómo califica la calidad y estado de las banque
c152,cuando fue la ultima vez que se mudo de casa,categorica,p42,p47,p55,3,1.0,,relabel?,REVISAR,revisar,,¿Cuándo fue la última vez que se mudó de casa?,P 47 ¿Cuándo fue la última vez que se mudó de casa?,¿Cuándo fue la última vez que se mudó de casa?
c156,alumbrado publico,categorica/numerica,p46_1,p52_1,p62_1,3,1.0,,match,REVISAR,revisar,,Alumbrado público.,P 52 1 Alumbrado público.,Alumbrado público.
c157,condicion de las calles y avenidas,categorica/numerica,p46_2,p52_2,p62_2,3,1.0,,match,REVISAR,revisar,,Condición de las calles y avenidas.,P 52 2 Condición de las calles y avenidas.,Condición de las calles y avenidas.
c158,parques plazas y areas verdes,categorica/numerica,p46_3,p52_3,p62_3,3,1.0,,match,REVISAR,revisar,,"Parques, plazas y áreas verdes.","P 52 3 Parques, plazas y áreas verdes.","Parques, plazas y áreas verdes."
c159,drenaje pluvial,categorica/numerica,p46_4,p52_4,p62_4,3,1.0,,match,REVISAR,revisar,,Drenaje pluvial.,P 52 4 Drenaje pluvial.,Drenaje pluvial.
c160,recoleccion de basura,categorica/numerica,p46_5,p52_5,p62_5,3,1.0,,match,REVISAR,revisar,,Recolección de basura.,P 52 5 Recolección de basura.,Recolección de basura.
c245,tomando en cuenta las preguntas previas evalue d,categorica/numerica,p89,p95,p106,3,1.0,,match,REVISAR,revisar,,Tomando en cuenta las preguntas previas: Evalúe del 1 al 10 ,Tomando en cuenta las preguntas previas: Evalúe del 1 al 10 ,Tomando en cuenta las preguntas previas: Evalúe del 1 al 10 
c258,como califica la experiencia de su denuncia del ,categorica/numerica,p98,p104,p116,3,1.0,,match,REVISAR,revisar,,"¿Cómo califica la experiencia de su denuncia, del 1 al 10, e","¿Cómo califica la experiencia de su denuncia, del 1 al 10, e","¿Cómo califica la experiencia de su denuncia, del 1 al 10, e"
c133,tomando en cuenta las preguntas previas evalue d,categorica/numerica,p31,p35,p40,3,0.97,,match,REVISAR,revisar,,Tomando en cuenta las preguntas previas: Evalúe del 1 al 10 ,Tomando en cuenta las preguntas previas: Evalúe del 1 al 10 ,Tomando en cuenta las preguntas previas: Evalúe del 1 al 10 
c039,considera que la violencia hacia las mujeres den,categorica,p105,p113,p125,3,0.84,,match,REVISAR,revisar,,Considera que la violencia hacia las mujeres dentro de los h,Considera que la violencia hacia las mujeres dentro de los h,Considera que la violencia hacia las mujeres dentro de los h
c191,como describiria usted la situacion economica de,categorica,p63,p73,p86,3,0.83,,match,REVISAR,revisar,,¿Cómo describiría usted la SITUACIÓN económica DE SU HOGAR c,¿Cómo describiría usted la SITUACIÓN económica DE SU HOGAR c,De acuerdo con la siguiente escala ¿Cómo describiría usted l
c223,tuvo una consulta medica por este problema de sa,categorica,p76,p82,p93,3,0.83,,match,REVISAR,revisar,,¿Tuvo una consulta médica por este problema de salud?,¿Acudió a una consulta médica por este problema de salud?,¿Acudió a una consulta médica por este problema de salud?
c216,las personas migrantes deben tener las mismas op,categorica,p70_3,p79_2,p90_2,3,0.82,,match,REVISAR,revisar,,Las personas migrantes deben tener las mismas oportunidades ,P 79 2 Las personas migrantes deben tener los mismos derecho,Las personas migrantes deben tener los mismos derechos y opo
c044,que autoridad es la principal responsable de inv,categorica,p108,p106,p118,3,0.81,,match,REVISAR,revisar,,¿Qué autoridad es la principal responsable de investigar y p,¿Qué autoridad es la principal responsable de investigar y p,"Para usted, ¿cuál es la principal autoridad responsable de d"
c079,cuanto considera que los ciudadanos pueden influ,categorica,p136,p156,p160,3,0.8,,match,REVISAR,revisar,,¿Cuánto considera que los ciudadanos pueden influir en las d,P 156 ¿Cuánto considera que los ciudadanos pueden influir en,De acuerdo con la siguiente escala ¿Cuánto considera que los
c054,considera que el gobierno de samuel garcia ha he,categorica,p117,p126,p134,3,0.78,,match,REVISAR,revisar,,¿Considera que el gobierno de Samuel García ha hecho un buen,¿Considera que el gobierno de Samuel García ha hecho un buen,¿Considera que el gobierno de Samuel García ha hecho un buen
c108,cuanto tiempo de ida tardo en el medio que lo tr,numerica,p24_1,p26_1,p27_1,3,0.78,,na,REVISAR,revisar,,¿Cuánto tiempo de ida tardó en el medio que lo transportó a ,¿Cuánto tiempo de ida tardó en el medio que lo transportó a ,¿Cuánto tiempo tardó de ida a su destino principal? Desde qu
c143,cuando camina en este municipio considera que la,categorica,p38_4,p43_4,p44_4,3,0.77,,relabel?,REVISAR,revisar,,Cuando camina en este municipio considera que ¿Las banquetas,P 43 4 ¿Las banquetas son amplias para que circulen dos pers,¿Las banquetas son amplias para que circulen dos personas en
c092,la direccion y municipio en su credencial de ele,categorica,p141_1,p160,p164,3,0.76,,match,REVISAR,revisar,,¿La dirección y municipio en su credencial de elector (INE) ,1 ¿El municipio en su credencial de elector (INE) es el mism,¿El municipio en su credencial de elector (INE) es el mismo 
c094,para concluir en que ambito esta el principal pr,categorica,p143,p162,p165,3,0.74,,relabel?,REVISAR,revisar,,Para concluir: ¿En qué ámbito está el PRINCIPAL PROBLEMA que,Para concluir: ¿En qué ámbito está el PRINCIPAL PROBLEMA que,Para concluir: ¿En qué ámbito está el PRINCIPAL PROBLEMA que
c144,cuando camina en este municipio considera que la,categorica,p38_5,p43_5,p44_5,3,0.74,,relabel?,REVISAR,revisar,,Cuando camina en este municipio considera que ¿Las banquetas,"¿Las banquetas tienen obstáculos? (como cabinas telefónicas,","¿Las banquetas tienen obstáculos? (como cabinas telefónicas,"
c228,seguro medico imss privado,categorica,p7_2,p7_2,p5_2,3,0.74,,match,REVISAR,revisar,,Seguro Medico (IMSS/ privado),P 7 2 Seguro Medico (IMSS/ privado),Servicio Médico (IMSS/ privado)
c246,al dia cuantas horas destina a los quehaceres co,numerica,p8_1,p8_1,p7_1,3,0.73,,na,REVISAR,revisar,,"Al día, ¿cuántas horas destina a los quehaceres constantes d","P 8 P 8 2 Min___ 1 Al día, ¿cuántas horas destina a los queh","Pensando en un día típico, ¿cuántas horas en promedio dedica"
c112,durante los viajes que realiza en la semana para,categorica,p26,p28,p29,3,0.72,,match,REVISAR,revisar,,Durante los viajes que realiza en la semana ¿para alguno uti,Solo para quienes respondieron que NO utilizaron transporte ,Durante los viajes que realiza en la semana ¿para alguno uti
c078,cuanto considera que los ciudadanos pueden influ,categorica,p135,p155,p159,3,0.7,,match,REVISAR,revisar,,¿Cuánto considera que los ciudadanos pueden influir en las d,P 155 ¿Cuánto considera que los ciudadanos pueden influir en,De acuerdo con la siguiente escala ¿Cuánto considera que los
c237,cuantas horas espero para ser atendido,numerica,p86_1,p92_1,p103_1,3,0.7,,na,REVISAR,revisar,,¿Cuántas Horas esperó para ser atendido?,P 92 1 ¿Cuánto tiempo esperó para ser atendido? Horas___,¿Cuánto tiempo esperó para ser atendido? Horas___
c041,los piropos en la calle transporte publico hacia,categorica,p107_1,p115_1,p126_1,3,0.69,,match,REVISAR,revisar,,Los piropos en la calle / transporte público hacia las mujer,¿Está de acuerdo con las siguientes afirmaciones? 1 Los piro,Los piropos en la calle / transporte público hacia las mujer
c235,cuantos dias pasaron entre que le programaron la,categorica,p84,p90,p101,3,0.69,,relabel?,REVISAR,revisar,,¿Cuántos días pasaron entre que le programaron la cita y le ,(Solo para quienes respondieron consulta programada) ¿Cuánto,¿Cuántos días pasaron entre que le programaron la cita y le 
c074,cuantas veces a la semana se dirige a este desti,categorica/numerica,p13,p15,p14,3,0.68,,match,REVISAR,revisar,,¿Cuántas veces a la semana se dirige a este destino?,¿Cuántas veces a la semana se traslada por este motivo?,¿Cuántas veces a la semana se traslada por este motivo?
c141,cuando camina en este municipio considera que la,categorica,p38_2,p43_2,p44_2,3,0.68,,relabel?,REVISAR,revisar,,Cuando camina en este municipio considera que ¿Las rampas pa,P 43 2 ¿Las rampas para personas con discapacidad están en b,¿Las rampas para personas con discapacidad están en buen est
c053,considera que el gobierno de de alcalde ha hecho,categorica,p116,p125,p133,3,0.67,,match,REVISAR,revisar,,¿Considera que el gobierno de (Nombre de alcalde) ha hecho u,¿Considera que el gobierno de (Nombre de alcalde) hizo un bu,¿Considera que el gobierno de (NOMBRE DEL ALCALDE) ha hecho 
c233,que tan comun es que pueda surtir su receta comp,categorica,p81,p87,p98,3,0.67,,match,REVISAR,revisar,,¿Qué tan común es que pueda surtir su receta completa?,¿Qué tan común es que pueda surtir su receta completa?,De acuerdo con la siguiente escala ¿Qué tan común es que pue
c255,en el ultimo ano usted o algun miembro del hogar,categorica,p95,p102,p113,3,0.67,,match,REVISAR,revisar,,"En el último año, usted o algún miembro del hogar ¿ha sido v","En el último año, usted o algún miembro del hogar ¿ha sido v","En los últimos 12 meses, usted o algún miembro del hogar ¿fu"
c259,para todos los encuestados que tan probable cons,categorica,p99,p105,p117,3,0.67,,relabel?,REVISAR,revisar,,"(Para todos los encuestados), ¿Qué tan probable considera qu",Para todos los encuestados ¿Qué tan probable considera que l,De acuerdo con la siguiente escala ¿Qué tan probable conside
c023,la presencia de policias en su colonia es sufici,categorica,p100_1,p1081,p120_1,3,0.66,,match,REVISAR,revisar,,¿La presencia de policías en su colonia es suficiente?,P 108 En el tema de SEGURIDAD considera que: 1 ¿La presencia,¿La presencia de policías en su colonia es suficiente?
c211,por su orientacion sexual,categorica,p68_8,p77_8,p89_8,3,0.62,,match,REVISAR,revisar,,por su orientación sexual?,"P 77 8 por su orientación sexual? (homosexual, bisexual, etc","por su orientación sexual? (homosexual, bisexual, etc)"
c253,que tan seguro se siente en su municipio,categorica,p93,p100,p111,3,0.61,,relabel?,REVISAR,revisar,,¿Qué tan seguro se siente en su municipio?,¿Qué tan seguro(a) se siente en su municipio?,De acuerdo con la siguiente escala ¿Qué tan seguro(a) se sie
c256,si contesto que si a la pregunta anterior usted ,categorica,p96,p103,p114,3,0.59,,match,REVISAR,revisar,,Si contestó que sí a la pregunta anterior: ¿Usted o la perso,Si contestó que sí a la pregunta anterior: ¿Usted o la perso,"¿Usted o la persona que fue víctima, denunció el delito ante"
c123,considera que la tarifa del transporte publico m,categorica,p29,p32,p33,3,0.55,,match,REVISAR,revisar,,Considera que la tarifa del transporte público (metro y cami,P 32 Considera que la tarifa del transporte público es:,"De acuerdo con la siguiente escala, considera que la tarifa "
c011,como evaluaria las instalaciones y equipamientos,categorica,cp15,cp16,cp17,3,0.52,,match,REVISAR,revisar,,¿Cómo evaluaría las instalaciones y equipamientos de la escu,"¿Cómo evaluaría las instalaciones y equipamientos (baños, ba",De acuerdo con la siguiente escala ¿Cómo evaluaría las insta
c004,costo total de su viaje principal ida y regreso,numerica,costo_total_viaje,costo_total_viaje_redondo,costo_total_viaje_redondo,3,0.44,,na,REVISAR,revisar,,COSTO TOTAL de su viaje principal (IDA y REGRESO),Costo total viaje redondo,Costo total de su viaje principal redondo
c003,cree que en nuevo leon se discrimina a la gente ,categorica/numerica,al_menos_una_discriminacion,,al_menos_una_discriminacion,2,1.0,,na,REVISAR,revisar,,Cree que en Nuevo León se discrimina a la gente por al menos,,Cree que en Nuevo León se discrimina a la gente por al menos
c224,por que no consulto no leer respuestas,categorica,p77,p83,,2,1.0,,relabel?,REVISAR,revisar,,¿Por qué no consultó? (no leer respuestas),P 83 ¿Por qué no consultó? (no leer respuestas),
c307,el congreso local es la autoridad responsable de,categorica,,p152_3,p155,2,1.0,,relabel?,REVISAR,revisar,,,"El Congreso Local es la autoridad responsable de modificar, ","El Congreso Local es la autoridad responsable de modificar, "
c332,cortes de agua,categorica,,p56_2,p67,2,1.0,,relabel?,REVISAR,revisar,,,P 56 2 Cortes de agua,Cortes de agua
c333,mala calidad de agua turbia sucia o mal olor,categorica,,p57_3,p68,2,1.0,,relabel?,REVISAR,revisar,,,"P 57 3 Mala calidad de agua (turbia, sucia, o mal olor)","Mala calidad de agua (turbia, sucia, o mal olor)"
c140,cuando camina en este municipio considera que lo,categorica,p38_1,p43_1,,2,0.93,,relabel?,REVISAR,revisar,,Cuando camina en este municipio considera que ¿Los cruces pe,Cuando camina en este municipio considera que: P 43 1 ¿Los c,
c006,durante el ultimo ciclo escolar de se le nego el,categorica,cp11,cp11,,2,0.85,,match,REVISAR,revisar,,"Durante el último ciclo escolar de NOMBRE DEL ESTUDIANTE, ¿s",CP 11 Durante el último ciclo escolar de NOMBRE DEL ESTUDIAN,
c351,al dia cuantas horas dedica al cuidado no remune,numerica,,p9_1,p8_1,2,0.85,,na,REVISAR,revisar,,,"Al día, ¿cuántas horas dedica al cuidado no remunerado de ot","Pensando en un día típico, ¿cuántas horas en promedio dedica"
c007,durante los ultimos 12 meses ha sido victima de ,categorica,cp12,cp12,,2,0.84,,match,REVISAR,revisar,,Durante los últimos 12 meses NOMBRE DEL ESTUDIANTE ha sido v,Durante los últimos 12 meses ha sabido de algún caso de BULL,
c287,las mujeres victimas de violencia son responsabl,categorica,,p115_4,p126_4,2,0.84,,match,REVISAR,revisar,,,P 115 4 Las mujeres víctimas de violencia son responsables d,Las mujeres víctimas de violencia son responsables de que la
c113,el tiempo de espera por unidades es siempre el m,categorica,p27_1,,p32_1,2,0.82,,match,REVISAR,revisar,,¿El tiempo de espera por unidades es siempre el mismo,,¿El tiempo de espera es siempre el mismo?
c099,si contesto 3 taxi 4 uber 5 motocicleta 8 automo,categorica,p17,p19,,2,0.8,,relabel?,REVISAR,revisar,,"Si contestó 3: Taxi, 4: Uber, 5: Motocicleta, 8: Automóvil, ",Si contestó 3: Taxi 4: Uber 5: Motocicleta 8: Automóvil ¿Por,
c271,ha sido victima de al menos una de las situacion,categorica,victima_tp,,victima_tp,2,0.78,,match,REVISAR,revisar,,Ha sido víctima de al menos una de las situaciones mencionad,,En los últimos 12 meses al utilizar el transporte público ha
c002,ha realizado al menos una de las acciones de par,categorica,al_menos_una_accion_pc,,al_menos_una_accion_pc,2,0.77,,match,REVISAR,revisar,,Ha realizado al menos una de las acciones de participación c,,Ha realizado al menos una de las acciones de participación c
c268,total min trabajo rem,numerica,total_min_trabajo_rem,total_min_trabajo_rem_y_norem,,2,0.75,,na,REVISAR,revisar,,Total min trabajo rem,Total min trabajo rem y norem,
c012,tomando en cuenta las preguntas previas en una e,categorica/numerica,cp16_1,,cp19,2,0.74,,na,REVISAR,revisar,,Tomando en cuenta las preguntas previas: en una escala del 1,,"En una escala del 1 al 10, donde 1 es ""nada satisfecho"" y 10"
c146,cuando camina en su municipio considera que las ,categorica,p38_7,p43_7,,2,0.73,,relabel?,REVISAR,revisar,,Cuando camina en su municipio considera que ¿Las banquetas c,P 43 7 ¿Las banquetas cuentan con alumbrado adecuado y funci,
c348,como calificaria las instalaciones del hospital ,categorica,,p93,p104,2,0.73,,match,REVISAR,revisar,,,P 93 ¿Cómo calificaría las instalaciones del hospital o clín,De acuerdo con la siguiente escala ¿Cómo calificaría las ins
c240,trato y atencion por parte del personal medico,categorica,p88_1,,p105_1,2,0.71,,match,REVISAR,revisar,,Trato y atención por parte del personal médico.,,Trato y atención por parte del personal médico (doctores(as)
c266,tiempo total en minutos que tardo en el medio qu,numerica,tiempo_regreso,,tiempo_total_traslado,2,0.71,,na,REVISAR,revisar,,Tiempo total en minutos que tardó en el medio que lo transpo,,¿Cuánto tiempo tardó en trasladarse en el medio que lo trans
c178,que se reduzca el espacio para el automovil y se,categorica,p54_6,p63_6,,2,0.69,,match,REVISAR,revisar,,Que se reduzca el espacio para el automóvil y se destine un ,P 63 6 Que se reduzca el espacio para el automóvil y se dest,
c225,si fue una enfermedad aguda se resolvio su probl,categorica,p78,p84,,2,0.69,,match,REVISAR,revisar,,"Si fue una enfermedad aguda, ¿se resolvió su problema? (Si l",P 84 SOLO PARA QUIENES ACUDIERON A UNA CONSULTA MÉDICA Si fu,
c338,a la mitad de la administracion de samuel garcia,categorica,,p64,p77,2,0.64,,match,REVISAR,revisar,,,"A la mitad de la administración de Samuel García, ¿considera",¿Considera que el gobierno de Samuel García ha realizado las
c025,confia en la policia de su colonia,categorica,p100_3,p108_3,p120_3,3,1.0,,code_diff,REVISAR,solo_concepto,,¿Confía en la policía de su colonia?,P 108 3 ¿Confía en la policía de su colonia?,¿Confía en la policía de su colonia?
c028,la policia es justa al tomar decisiones,categorica,p100_6,p108_6,p120_6,3,1.0,,code_diff,REVISAR,solo_concepto,,¿La policía es justa al tomar decisiones?,P 108 6 ¿La policía es justa al tomar decisiones?,¿La policía es justa al tomar decisiones?
c049,cual es el medio por el que mas se entera de los,categorica,p112,p117,p128,3,1.0,,code_partial,REVISAR,solo_concepto,,¿Cuál es el medio por el que más se entera de los temas de i,P 117 ¿Cuál es el medio por el que más se entera de los tema,¿Cuál es el medio por el que más se entera de los temas de i
c086,participar en una asociacion de padres de famili,categorica,p139_5,p157_5,p161_5,3,1.0,,code_diff,REVISAR,solo_concepto,,Participar en una asociación de padres de familia.,P 157 5 Participar en una asociación de padres de familia.,Participar en una asociación de padres de familia.
c038,si requirio de la policia esta acudio al llamado,categorica,p104_3,p112_3,p124_3,3,0.94,,code_partial,REVISAR,solo_concepto,,"Si requirió de la policía, ¿ésta acudió al llamado?","3 Si requirió de la policía, ¿ésta acudió al llamado?","Si requirió de la policía, ¿ésta acudió al llamado?"
c189,con respecto al rio santa catarina cual de las s,categorica,p61,p71,p84,3,0.93,,code_partial,REVISAR,solo_concepto,,"Con respecto al Río Santa Catarina, ¿cuál de las siguientes ","Con respecto al Río Santa Catarina, ¿cuál de las siguientes ","Con respecto al Río Santa Catarina, ¿cuál de las siguientes "
c222,durante los ultimos 12 meses tuvo algun problema,categorica,p75,p81,p92,3,0.92,,code_partial,REVISAR,solo_concepto,,"Durante los últimos 12 meses, ¿Tuvo algún problema de salud?","Durante los últimos 12 meses, ¿Tuvo algún problema de salud?","Durante los últimos 12 meses, ¿Tuvo algún problema de salud "
c024,la policia de su colonia lo hace sentir mas segu,categorica,p100_2,p108_2,p120_2,3,0.86,,code_diff,REVISAR,solo_concepto,,¿La policía de su colonia lo hace sentir más seguro?,P 108 2 ¿La policía de su colonia lo hace sentir más seguro?,¿La policía de su colonia le hace sentir más seguro(a)?
c091,para su principal motivo de traslado que nos men,categorica/numerica,p14,p17,p15;p16,3,0.84,SÍ,code_diff,REVISAR,solo_concepto,,Para su principal motivo de traslado que nos mencionó ¿cuál ,"P 17 Para su principal motivo de traslado que nos mencionó, ",Para su principal motivo de traslado que nos mencionó ¿cuál 
c150,de acuerdo con su percepcion mencione cual es el,categorica,p40,p45,p51,3,0.79,,code_partial,REVISAR,solo_concepto,,"De acuerdo con su percepción, mencione cuál es el principal ","De acuerdo con su percepción, mencione cuál es el principal ","De acuerdo con su percepción, mencione cuál es el principal "
c048,de acuerdo con su percepcion mencione cual es el,categorica,p111,p116,p127,3,0.77,,code_partial,REVISAR,solo_concepto,,"De acuerdo con su percepción, ¿Mencione cuál es el principal","De acuerdo con su percepción, ¿Mencione cuál es el principal","De acuerdo con su percepción, ¿Mencione cuál es el principal"
c252,de acuerdo con su percepcion cual es el principa,categorica,p92,p99,p110,3,0.77,,code_partial,REVISAR,solo_concepto,,"De acuerdo con su percepción, ¿Cuál es el principal problema","De acuerdo con su percepción, ¿Cuál es el principal problema","De acuerdo con su percepción, ¿Cuál es el principal problema"
c162,en su opinion cual es el principal problema de d,categorica,p48,p54,p65,3,0.75,,code_diff,REVISAR,solo_concepto,,"En su opinión, ¿cuál es el principal problema de DESARROLLO ","P 54 En su opinión, ¿cuál es el principal problema de DESARR","En su opinión, ¿cuál es el principal problema de DESARROLLO "
c190,de acuerdo con su percepcion mencione el princip,categorica,p62,p72,p85,3,0.75,,code_partial,REVISAR,solo_concepto,,"De acuerdo con su percepción, mencione el principal PROBLEMA","De acuerdo con su percepción, mencione el principal PROBLEMA","De acuerdo con su percepción, mencione el principal PROBLEMA"
c248,cual es el principal problema en el area salud q,categorica,p90,p98,p109,3,0.71,,code_partial,REVISAR,solo_concepto,,¿Cuál es el principal problema en el área SALUD que se vive ,P 98 ¿Cuál es el principal problema en el área SALUD que se ,¿Cuál es el principal problema en el área SALUD que se vive 
c154,si se mudo de casa en que municipio y estado viv,categorica,p44,p49,p56,3,0.69,,code_diff,REVISAR,solo_concepto,,(Si se mudo de casa) ¿En qué municipio y estado vivía antes?,P 49 ¿En qué municipio y estado vivía antes?,¿En qué municipio y estado vivía antes?
c037,la policia solicito una mordida o moche,categorica,p104_2,p112_2,p124_2,3,0.68,,code_diff,REVISAR,solo_concepto,,La policía solicitó una mordida o moche.,P 112 2 La policía solicitó una mordida o moche.,"La policía solicitó, puso las condiciones o insinuó una mord"
c059,para quien respondio que si que tipo de tramite ,categorica,p121,p130,p138,3,0.67,,code_partial,REVISAR,solo_concepto,,(Para quién respondió que sí) ¿Qué tipo de trámite o contact,P 130 (Para quién respondió que sí) ¿Qué tipo de trámite o c,¿Qué tipo de trámite o contacto fué?
c046,si respondio c compras que tipo de compras reali,categorica,p11,p14,p13,3,0.66,,code_partial,REVISAR,solo_concepto,,"Si respondió C Compras, ¿qué tipo de compras realizó?","Si respondió C Compras, ¿qué tipo de compras realizó?",¿Qué tipo de compras realizó?
c026,el trato del policia al ciudadano es de forma re,categorica,p100_4,p108_4,p120_4,3,0.65,,code_diff,REVISAR,solo_concepto,,¿El trato del policía al ciudadano es de forma respetuosa?,¿El trato del policía al ciudadano es de forma respetuosa?,¿El trato del policía hacia las personas de su colonia es de
c184,si respondio que si en al menos un inciso que ha,categorica,p57,p67,p80,3,0.47,,code_partial,REVISAR,solo_concepto,,"Si respondió que sí en al menos un inciso, ¿qué hace con los","Si respondió que sí, ¿qué hace con los residuos segregados?",¿Qué hace con los residuos separados?
c027,considera que las decisiones y actuar de la poli,categorica,p100_5,p108_5,,2,1.0,,code_diff,REVISAR,solo_concepto,,¿Considera que las decisiones y actuar de la policía benefic,P 108 5 ¿Considera que las decisiones y actuar de la policía,
c050,si contesto redes sociales cual,categorica,p113,p118,,2,1.0,,code_partial,REVISAR,solo_concepto,,"Si contestó redes sociales, ¿cuál?","P 118 Si contestó redes sociales, ¿cuál?",
c093,en su opinion cual es el principal problema que ,categorica,p142,p161,,2,1.0,,code_partial,REVISAR,solo_concepto,,En su opinión: ¿cuál es el principal problema que enfrenta l,En su opinión: ¿cuál es el principal problema que enfrenta l,
c137,para quien respondio que no cual es la razon pri,categorica,p35,p38,,2,1.0,,code_partial,REVISAR,solo_concepto,,Para quién respondió que no ¿cuál es la razón principal para,P 38 Para quién respondió que no ¿cuál es la razón principal,
c155,cual fue el motivo de su cambio de residencia,categorica,p45,p50,,2,1.0,,code_partial,REVISAR,solo_concepto,,¿Cuál fue el motivo de su cambio de residencia?,P 50 ¿Cuál fue el motivo de su cambio de residencia?,
c021,en su hogar existen suficientes dispositivos ele,categorica,p1,p1,,2,0.97,,code_diff,REVISAR,solo_concepto,,En su hogar existen suficientes dispositivos electrónicos (l,En su hogar existen suficientes dispositivos electrónicos (l,
c051,si en la pregunta anterior respondio que no se e,categorica,p114,p119,,2,0.89,,code_partial,REVISAR,solo_concepto,,"Si en la pregunta anterior respondió que no se entera, ¿por ","P 119 Si en la pregunta P117 respondió que no se entera, ¿po",
c340,si respondio que no cual es la razon principal p,categorica,,p66,p79,2,0.83,,code_partial,REVISAR,solo_concepto,,,Si respondió que no ¿Cuál es la razón principal por la que n,¿Cuál es la razón principal por la que no lo hace?
c057,si respondio sin viaje en la pregunta anterior p,categorica,p12,p12,,2,0.8,,code_partial,REVISAR,solo_concepto,,"Si respondió sin viaje en la pregunta anterior (P9), ¿por qu","P 12 Si respondió que no en la pregunta anterior (P11), ¿por",
c293,si contesto que si salio de casa cual fue el pri,categorica,,p13,p12,2,0.76,,code_partial,REVISAR,solo_concepto,,,"Si contestó que sí salió de casa, ¿cuál fue el principal mot",¿Cuál fue el principal motivo para trasladarse fuera de su c
c234,si no respondio siempre en la pregunta anterior ,categorica,p82,p88,,2,0.65,,code_partial,REVISAR,solo_concepto,,"Si no respondió siempre en la pregunta anterior, ¿Qué hizo p",P 88 Solo para servicios médicos públicos (Solo para quienes,
c313,sabe que tipo de iniciativa es como vamos,categorica,,p159,p163,2,0.64,,code_partial,REVISAR,solo_concepto,,,"¿Sabe qué tipo de iniciativa es ""Cómo Vamos""?",¿Sabe cuál de los siguientes tipos de iniciativa es “Cómo Va
