concept_id,label,accion,tipos,y2023,y2024,y2025,n,score,opts,multi,t23,t24,t25
attr_afiliacion_servicio_salud,afiliacion_servicio_salud,solo_concepto,categorica,cp6,cp6,cp6,3,0.53,code_partial,,¿Con cuál servicio médico cuenta (NOMBRE)?,CP 6 ¿Con cuál servicio médico cuenta (NOMBRE)?,"¿Con cuál servicio médico cuenta (NOMBRE)?

Nota par"
attr_tipo_trabajo,tipo_trabajo,comparable,categorica,p3,p3,p1,3,0.82,relabel?,,"Durante la semana pasada, ¿cuál fue su principal act","P 3 Durante la semana pasada, ¿cuál fue su principal","Durante la semana pasada, ¿cuál fue su principal ocu"
attr_tipo_consulta,tipo_consulta,comparable,categorica,p83,p89,p100,3,0.89,match,,Su última visita médica en fue:,P 89 Su última visita médica fue:,Su última visita médica fue:
attr_ingreso,ingreso,solo_concepto,categorica,p144,p164,p167,3,0.3,relabel?,,FINALMENTE: ¿Cuál es el ingreso mensual total del ho,FINALMENTE: ¿Cuál es el ingreso mensual total del ho,FINALMENTE: Tomando en cuenta a todas las personas q
attr_modo_transporte,modo_transporte,solo_concepto,categorica,p16,p16,p17,3,0.25,code_diff,,Durante el día de ayer: ¿Cuál de los siguientes modo,P 16 Para su principal motivo de traslado que nos me,Para llegar al destino principal que nos mencionó ¿C
attr_nivel_actual_estudios,nivel_actual_estudios,comparable,categorica,cp9,cp9,cp9,3,0.96,match,,¿Cuál es el nivel máximo de estudios actualmente cur,9 ¿Cuál es el nivel máximo de estudios actualmente c,¿Cuál es el nivel máximo de estudios actualmente cur
attr_sexo,sexo,comparable,categorica,cp2,cp2,cp2,3,0.38,relabel?,,Sexo. A encuestadores: preguntar sexo (asignado de n,CP 2 Sexo. A encuestadores: preguntar sexo (asignado,¿Cuál es su sexo asignado al nacer?
attr_servicio_salud_donde_se_atendio,servicio_salud_donde_se_atendio,solo_concepto,categorica,p80,p86,p97,3,1.0,code_partial,,¿En dónde se atendió?,P 86 ¿En dónde se atendió?,¿En dónde se atendió?
attr_edad_anos,edad_anos,comparable,numerica,cp4_1,cp4_1,cp4_1,3,1.0,na,,¿Cuántos años cumplidos tiene (NOMBRE)?,CP 4 ¿Cuántos años cumplidos tiene (NOMBRE)?,¿Cuántos años cumplidos tiene (NOMBRE)?
attr_tipo_escuela,tipo_escuela,comparable,categorica,cp10,cp10,cp11,3,0.17,match,,Tipo de escuela,CP 10 Tipo de escuela,¿La escuela a la que asiste es pública o privada?
attr_nivel_max_estudios,nivel_max_estudios,comparable,categorica,cp8,cp8,cp8,3,1.0,match,,¿Cuál es el nivel máximo de estudios terminado?,CP 8 ¿Cuál es el nivel máximo de estudios terminado?,¿Cuál es el nivel máximo de estudios terminado?
c006,durante el ultimo ciclo escolar de se le nego el acc,comparable,categorica,cp11,cp11,,2,0.85,match,,Durante el último ciclo escolar de NOMBRE DEL ESTUDI,CP 11 Durante el último ciclo escolar de NOMBRE DEL ,
c007,durante los ultimos 12 meses ha sido victima de bull,comparable,categorica,cp12,cp12,,2,0.84,match,,Durante los últimos 12 meses NOMBRE DEL ESTUDIANTE h,Durante los últimos 12 meses ha sabido de algún caso,
c008,en caso de responder si al menos para un estudiante ,comparable,categorica,cp13,cp13,,2,1.0,match,,En caso de responder SÍ al menos para un estudiante ,"En caso de responder ""Sí"" al menos para un estudiant",
c013,secundaria,comparable,categorica,cp16_2,cp17_2,,2,1.0,match,,Secundaria,CP 17 2 Secundaria,
c014,media superior preparatoria bachillerato,comparable,categorica,cp16_3,cp17_3,,2,1.0,match,,"Media Superior (Preparatoria, bachillerato)","CP 17 3 Media Superior (Preparatoria, bachillerato)",
c016,con quien vive en su hogar,comparable,categorica,cp5,cp5,cp5,3,1.0,match,,¿Con quién vive en su hogar?,CP 5 ¿Con quién vive en su hogar?,¿Con quién vive en su hogar?
c017,estudia actualmente,comparable,categorica,cp7,cp7,cp7,3,1.0,match,,(NOMBRE) ¿Estudia actualmente?,CP 7 (NOMBRE) ¿Estudia actualmente?,(NOMBRE) ¿Estudia actualmente?
c019,numero de acciones de participacion ciudadana mencio,comparable,numerica,num_acciones_participacion_ciudadana,,num_acciones_pc,2,0.94,na,,Número de acciones de participación ciudadana mencio,,Número de acciones de participación ciudadana mencio
c020,numero de razones por las que cree que en nuevo leon,comparable,numerica,num_discriminaciones,,num_discriminaciones,2,0.88,na,,Número de razones por las que cree que en Nuevo León,,Número de razones por las que cree que se le discrim
c021,en su hogar existen suficientes dispositivos electro,solo_concepto,categorica,p1,p1,,2,0.97,code_diff,,En su hogar existen suficientes dispositivos electró,En su hogar existen suficientes dispositivos electró,
c024,la policia de su colonia lo hace sentir mas seguro,solo_concepto,categorica,p100_2,p108_2,p120_2,3,0.86,code_diff,,¿La policía de su colonia lo hace sentir más seguro?,P 108 2 ¿La policía de su colonia lo hace sentir más,¿La policía de su colonia le hace sentir más seguro(
c025,confia en la policia de su colonia,solo_concepto,categorica,p100_3,p108_3,p120_3,3,1.0,code_diff,,¿Confía en la policía de su colonia?,P 108 3 ¿Confía en la policía de su colonia?,¿Confía en la policía de su colonia?
c027,considera que las decisiones y actuar de la policia ,solo_concepto,categorica,p100_5,p108_5,,2,1.0,code_diff,,¿Considera que las decisiones y actuar de la policía,P 108 5 ¿Considera que las decisiones y actuar de la,
c028,la policia es justa al tomar decisiones,solo_concepto,categorica,p100_6,p108_6,p120_6,3,1.0,code_diff,,¿La policía es justa al tomar decisiones?,P 108 6 ¿La policía es justa al tomar decisiones?,¿La policía es justa al tomar decisiones?
c034,durante el ultimo ano ha tenido contacto con la poli,comparable,categorica,p102,p110,,2,1.0,match,,"Durante el último año, ¿ha tenido contacto con la po","P 110 Durante el último año, ¿ha tenido contacto con",
c035,si respondio que si a la pregunta anterior con que i,comparable,categorica,p103,p111,,2,1.0,match,,"Si respondió que sí a la pregunta anterior, ¿con qué","P 111 Si respondió que sí a la pregunta anterior, ¿c",
c036,la policia cumplio con su labor,comparable,categorica,p104_1,p112_1,,2,1.0,match,,La policía cumplió con su labor.,P 112 1 La policía cumplió con su labor.,
c038,si requirio de la policia esta acudio al llamado,solo_concepto,categorica,p104_3,p112_3,p124_3,3,0.94,code_partial,,"Si requirió de la policía, ¿ésta acudió al llamado?","3 Si requirió de la policía, ¿ésta acudió al llamado","Si requirió de la policía, ¿ésta acudió al llamado?"
c039,considera que la violencia hacia las mujeres dentro ,comparable,categorica,p105,p113,p125,3,0.84,match,,Considera que la violencia hacia las mujeres dentro ,Considera que la violencia hacia las mujeres dentro ,Considera que la violencia hacia las mujeres dentro 
c040,considera que la violencia hacia las mujeres en la v,comparable,categorica,p106,p114,,2,1.0,match,,Considera que la violencia hacia las mujeres en la v,Considera que la violencia hacia las mujeres en la v,
c042,las mujeres tienen un mayor riesgo de ser agredidas ,comparable,categorica,p107_2,p115_2,p126_2,3,0.95,match,,Las mujeres tienen un mayor riesgo de ser agredidas ,2 Las mujeres tienen un mayor riesgo de ser agredida,Las mujeres tienen un mayor riesgo de ser agredidas 
c043,las mujeres comparten la responsabilidad con sus vic,comparable,categorica,p107_3,p115_3,p126_3,3,0.96,match,,Las mujeres comparten la responsabilidad con sus vic,3 Las mujeres comparten la responsabilidad con sus v,Las mujeres comparten la responsabilidad con sus vic
c044,que autoridad es la principal responsable de investi,comparable,categorica,p108,p106,p118,3,0.81,match,,¿Qué autoridad es la principal responsable de invest,¿Qué autoridad es la principal responsable de invest,"Para usted, ¿cuál es la principal autoridad responsa"
c045,la fiscalia general de justicia es la responsable de,comparable,categorica,p109,p107,p119,3,1.0,match,,La Fiscalía General de Justicia es la responsable de,La Fiscalía General de Justicia es la responsable de,La Fiscalía General de Justicia es la responsable de
c049,cual es el medio por el que mas se entera de los tem,solo_concepto,categorica,p112,p117,p128,3,1.0,code_partial,,¿Cuál es el medio por el que más se entera de los te,P 117 ¿Cuál es el medio por el que más se entera de ,¿Cuál es el medio por el que más se entera de los te
c050,si contesto redes sociales cual,solo_concepto,categorica,p113,p118,,2,1.0,code_partial,,"Si contestó redes sociales, ¿cuál?","P 118 Si contestó redes sociales, ¿cuál?",
c051,si en la pregunta anterior respondio que no se enter,solo_concepto,categorica,p114,p119,,2,0.93,code_partial,,Si en la pregunta anterior respondió que no se enter,P 119 Si en la pregunta P117 respondió que no se ent,
c055,la corrupcion consiste en el abuso de poder para ben,comparable,categorica,p118,p127,p135,3,0.87,match,,La corrupción consiste en el abuso de poder para ben,La corrupción consiste en el abuso de poder para ben,La corrupción consiste en el abuso de poder para ben
c056,en su opinion en su municipio la corrupcion es una p,comparable,categorica,p119,p128,p136,3,1.0,match,,"En su opinión, en su municipio la corrupción es una ","En su opinión, en su municipio la corrupción es una ","En su opinión, en su municipio la corrupción es una "
c057,si respondio sin viaje en la pregunta anterior por q,solo_concepto,categorica,p12,p12,,2,0.86,code_partial,,"Si respondió sin viaje en la pregunta anterior (P9),",P 12 Si respondió que no en la pregunta anterior (P1,
c058,usted o algun conocido o familiar experimento algun ,comparable,categorica,p120,p129,,2,0.86,match,,¿Usted o algún conocido o familiar experimentó algún,¿Usted o algún conocido o familiar experimentó algún,
c063,es capaz de resolver los problemas del municipio,comparable,categorica,p124_2,p132_2,p140,3,0.87,match,,¿Es capaz de resolver los problemas del municipio?,P 132 2 ¿Fue capaz de resolver los problemas del mun,¿Es capaz de resolver los problemas del municipio?
c064,cuenta con un equipo capacitado,comparable,categorica,p124_3,p142_3,p141,3,1.0,match,,¿Cuenta con un equipo capacitado?,P 142 3 ¿Cuenta con un equipo capacitado?,¿Cuenta con un equipo capacitado?
c065,ha cumplido con sus promesas de campana compromisos,comparable,categorica,p124_4,p143_4,p142,3,1.0,match,,¿Ha cumplido con sus promesas de campaña/compromisos,¿Ha cumplido con sus promesas de campaña/compromisos,¿Ha cumplido con sus promesas de campaña/compromisos
c066,usted considera que de alcalde alcaldesa toma la may,comparable,categorica,p125,p136,p144,3,0.94,match,,Usted considera que (Nombre de ALCALDE/ALCALDESA) to,Usted considera que (Nombre de ALCALDE/ALCALDESA) to,Usted considera que (Nombre de ALCALDE/ALCALDESA) to
c067,en terminos generales aprueba o desaprueba el trabaj,comparable,categorica,p126,p137,p145,3,0.88,match,,"En términos generales, ¿aprueba o desaprueba el trab","P 137 En términos generales, ¿aprueba o desaprueba e","En términos generales, ¿aprueba o desaprueba el trab"
c070,es capaz de resolver los problemas del estado,comparable,categorica,p128_2,p141_2,p147,3,1.0,match,,¿Es capaz de resolver los problemas del Estado?,P 141 2 ¿Es capaz de resolver los problemas del Esta,¿Es capaz de resolver los problemas del Estado?
c073,usted considera que samuel garcia toma la mayoria de,comparable,categorica,p129,p144,p151,3,1.0,match,,Usted considera que Samuel García toma la mayoría de,P 144 Usted considera que Samuel García toma la mayo,Usted considera que Samuel García toma la mayoría de
c075,para usted el gobierno de samuel garcia ha sido,comparable,categorica,p130,p145,,2,1.0,match,,"Para usted, el gobierno de Samuel García ha sido:","Para usted, el gobierno de Samuel García ha sido:",
c080,en terminos generales aprueba o desaprueba el trabaj,comparable,categorica,p137,p146,p152,3,0.9,match,,"En términos generales, ¿aprueba o desaprueba el trab","En términos generales, ¿aprueba o desaprueba el trab","En términos generales, ¿aprueba o desaprueba el trab"
c081,asistir a marchas caminatas o manifestaciones,comparable,categorica,p139_1,p157_1,p161_1,3,1.0,match,,"Asistir a marchas, caminatas o manifestaciones.","P 157 1 Asistir a marchas, caminatas o manifestacion","Asistir a marchas, caminatas o manifestaciones."
c082,otra especificar,comparable,categorica,p139_10,p157__10,,2,1.0,match,,Otra. Especificar,P 157 10 Otra. Especificar,
c083,participar en dialogos con autoridades consejos o co,comparable,categorica,p139_2,p157_2,p161_2,3,1.0,match,,Participar en diálogos con autoridades (Consejos o c,P 157 2 Participar en diálogos con autoridades (Cons,Participar en diálogos con autoridades (Consejos o c
c084,hacer voluntariado en una asociacion civil o colecti,comparable,categorica,p139_3,p157_3,p161_3,3,1.0,match,,Hacer voluntariado en una asociación civil o colecti,P 157 3 Hacer voluntariado en una asociación civil o,Hacer voluntariado en una asociación civil o colecti
c085,participar en juntas comites de vecinos,comparable,categorica,p139_4,p157_4,p161_4,3,1.0,match,,Participar en juntas/comités de vecinos.,P 157 4 Participar en juntas/comités de vecinos.,Participar en juntas/comités de vecinos.
c086,participar en una asociacion de padres de familia,solo_concepto,categorica,p139_5,p157_5,p161_5,3,1.0,code_diff,,Participar en una asociación de padres de familia.,P 157 5 Participar en una asociación de padres de fa,Participar en una asociación de padres de familia.
c087,contactarse con los medios de comunicacion,comparable,categorica,p139_6,p157_6,p161_6,3,1.0,match,,Contactarse con los medios de comunicación.,P 157 6 Contactarse con los medios de comunicación.,Contactarse con los medios de comunicación.
c088,firmar peticiones en linea,comparable,categorica,p139_7,p157_7,p161_7,3,1.0,match,,Firmar peticiones en línea.,P 157 7 Firmar peticiones en línea.,Firmar peticiones en línea.
c089,votar o proponer en que se deberia gastar el presupu,comparable,categorica,p139_8,p157_8,p161_8,3,1.0,match,,Votar o proponer en qué se debería gastar el presupu,P 157 8 Votar o proponer en qué se debería gastar el,Votar o proponer en qué se debería gastar el presupu
c090,solicitar apoyo o presentar quejas a funcionarios o ,comparable,categorica,p139_9,p157_9,p161_9,3,1.0,match,,Solicitar apoyo o presentar quejas a funcionarios o ,P 157 9 Solicitar apoyo o presentar quejas a funcion,Solicitar apoyo o presentar quejas a funcionarios o 
c093,en su opinion cual es el principal problema que enfr,solo_concepto,categorica,p142,p161,,2,1.0,code_partial,,En su opinión: ¿cuál es el principal problema que en,En su opinión: ¿cuál es el principal problema que en,
c098,cuantas personas viajan en el auto,comparable,numerica,p16_8,p18_8,p18,3,1.0,na,,¿Cuántas personas viajan en el auto?:,P 18 8 ¿Cuántas personas viajan en el auto?:,¿Cuántas personas viajan en el auto?:
c100,cuanto tiempo espero para tomar su principal medio d,comparable,numerica,p18_1,,p21_1,2,0.91,na,,¿Cuánto tiempo esperó para tomar su principal medio ,,¿Cuánto tiempo esperó para tomar su principal modo d
c101,min,comparable,numerica,p18_2,p10_2,p20_2,3,1.0,na,,Min:,P 10 2 Min___,Min____
c102,realizo algun transbordo en su viaje de ida cambio d,comparable,categorica,p19,p21,p22,3,0.9,match,,"""¿Realizó algún transbordo en su viaje de ida? (Camb",¿Realizó algún transbordo en su viaje de ida a su de,¿Realizó algún transbordo en su viaje de ida a su de
c104,cuantos transbordos realizo en su viaje de ida,comparable,categorica,p20,,p23,2,1.0,match,,¿Cuántos transbordos realizó en su viaje de ida?,,¿Cuántos transbordos realizó en su viaje de ida?
c105,cual fue el costo total de su viaje principal de ida,comparable,numerica,p21,p23,p24,3,1.0,na,,¿Cuál fue el COSTO TOTAL de su viaje principal de ID,P 23 ¿Cuál fue el COSTO TOTAL de su viaje principal ,¿Cuál fue el COSTO TOTAL de su viaje principal de ID
c106,cual fue el costo total de su viaje principal de reg,comparable,numerica,p22,p24,p25,3,1.0,na,,¿Cuál fue el COSTO TOTAL de su viaje principal de RE,P 24 ¿Cuál fue el COSTO TOTAL de su viaje principal ,¿Cuál fue el COSTO TOTAL de su viaje principal de RE
c107,cual es su gasto total semanal en transporte publico,comparable,numerica,p23,p25,,2,1.0,na,,¿Cuál es su gasto total semanal en transporte públic,P 25 ¿Cuál es su gasto total semanal en transporte p,
c108,cuanto tiempo de ida tardo en el medio que lo transp,comparable,numerica,p24_1,p26_1,p27_1,3,0.8,na,,¿Cuánto tiempo de ida tardó en el medio que lo trans,¿Cuánto tiempo de ida tardó en el medio que lo trans,¿Cuánto tiempo tardó de ida a su destino principal? 
c110,cuanto tiempo tardo de vuelta en el medio que lo tra,comparable,numerica,p25_1,p27_1,,2,1.0,na,,¿Cuánto tiempo tardó de vuelta en el medio que lo tr,¿Cuánto tiempo tardó de vuelta en el medio que lo tr,
c113,el tiempo de espera por unidades es siempre el mismo,comparable,categorica,p27_1,,p32_1,2,0.82,match,,¿El tiempo de espera por unidades es siempre el mism,,¿El tiempo de espera es siempre el mismo?
c114,si necesita viajar a zonas que normalmente no visita,comparable,categorica,p27_2,p31_2,p32_2,3,1.0,match,,Si necesita viajar a zonas que normalmente no visita,Si necesita viajar a zonas que normalmente no visita,Si necesita viajar a zonas que normalmente no visita
c115,se siente seguro viajando en el transporte publico,comparable,categorica,p27_3,p31_3,p32_3,3,0.93,match,,¿Se siente seguro viajando en el transporte público?,P 31 3 ¿Se siente seguro(a) viajando en el transport,¿Se siente seguro(a) viajando en el transporte públi
c116,en su viaje regularmente puede ir sentado a,comparable,categorica,p27_4,p31_4,p32_4,3,1.0,match,,"En su viaje, ¿regularmente puede ir sentado(a)?","P 31 4 En su viaje, ¿regularmente puede ir sentado(a","En su viaje, ¿regularmente puede ir sentado(a)?"
c117,los choferes manejan en forma prudente y segura mane,comparable,categorica,p27_5,p31_5,p32_5,3,0.96,match,,¿Los choferes manejan en forma prudente y segura? (m,¿Los choferes manejan en forma prudente y segura? (m,¿Los choferes regularmente manejan en forma prudente
c118,las unidades de transporte publico que utiliza estan,comparable,categorica,p27_6,p31_6,p32_6,3,1.0,match,,¿Las unidades de transporte público que utiliza está,P 31 6 ¿Las unidades de transporte público que utili,¿Las unidades de transporte público que utiliza está
c119,le miraron morbosamente el cuerpo,comparable,categorica,p28_1,p34_1,p39_1,3,1.0,match,,Le miraron morbosamente el cuerpo,P 34 1 Le miraron morbosamente el cuerpo,Le miraron morbosamente el cuerpo
c120,le dijeron piropos obscenos u ofensivos de caracter ,comparable,categorica,p28_2,p34_2,p39_2,3,1.0,match,,Le dijeron piropos obscenos u ofensivos de carácter ,Le dijeron piropos obscenos u ofensivos de carácter ,Le dijeron piropos obscenos u ofensivos de carácter 
c121,le hicieron sentir miedo de sufrir un ataque o abuso,comparable,categorica,p28_3,p34_3,p39_3,3,1.0,match,,Le hicieron sentir miedo de sufrir un ataque o abuso,Le hicieron sentir miedo de sufrir un ataque o abuso,Le hicieron sentir miedo de sufrir un ataque o abuso
c122,le tocaron o manosearon el cuerpo sin su consentimie,comparable,categorica,p28_4,p34_4,p39_4,3,1.0,match,,Le tocaron o manosearon el cuerpo sin su consentimie,Le tocaron o manosearon el cuerpo sin su consentimie,Le tocaron o manosearon el cuerpo sin su consentimie
c124,asientos danados o sucios,comparable,categorica,p30_1,p33_1,p36_1,3,1.0,match,,Asientos dañados o sucios.,P 33 1 Asientos dañados o sucios.,Asientos dañados o sucios.
c125,vidrios rotos,comparable,categorica,p30_2,p33_2,p36_2,3,1.0,match,,Vidrios rotos.,P 33 2 Vidrios rotos.,Vidrios rotos.
c126,grafiti y rayones,comparable,categorica,p30_3,p33_3,,2,1.0,match,,Grafiti y rayones.,P 33 3 Grafiti y rayones.,
c127,ruidoso escandaloso,comparable,categorica,p30_4,p33_4,,2,1.0,match,,"Ruidoso, escandaloso.","P 33 4 Ruidoso, escandaloso.",
c128,echa humo contaminante,comparable,categorica,p30_5,p33_5,p36_3,3,1.0,match,,Echa humo contaminante.,P 33 5 Echa humo contaminante.,Echa humo contaminante.
c129,puertas o ventanas que no cierran adecuadamente,comparable,categorica,p30_6,p33_6,p36_4,3,1.0,match,,Puertas o ventanas que no cierran adecuadamente.,P 33 6 Puertas o ventanas que no cierran adecuadamen,Puertas o ventanas que no cierran adecuadamente.
c130,timbre danado o inexistente si el timbre esta danado,comparable,categorica,p30_7,p33_7,p36_5,3,1.0,match,,Timbre dañado o inexistente (Si el timbre está dañad,P 33 7 Timbre dañado o inexistente (Si el timbre est,Timbre dañado o inexistente (Si el timbre está dañad
c131,goteras en epoca de lluvia,comparable,categorica,p30_8,p33_8,p36_6,3,1.0,match,,Goteras en época de lluvia.,P 33 8 Goteras en época de lluvia.,Goteras en época de lluvia.
c132,aparatos validadores de tarjeta danados o inexistent,comparable,categorica,p30_9,p33_9,p36_7,3,1.0,match,,Aparatos validadores de tarjeta dañados o inexistent,P 33 9 Aparatos validadores de tarjeta dañados o ine,Aparatos validadores de tarjeta dañados o inexistent
c135,cuantas bicicletas hay en el hogar,comparable,numerica,p33,p36,p46,3,1.0,na,,¿Cuántas bicicletas hay en el hogar?,P 36 ¿Cuántas bicicletas hay en el hogar?,¿Cuántas bicicletas hay en el hogar?
c136,durante los viajes que realiza en la semana para alg,comparable,categorica,p34,p37,p47,3,1.0,match,,Durante los viajes que realiza en la semana ¿para al,P 37 Durante los viajes que realiza en la semana ¿pa,Durante los viajes que realiza en la semana ¿para al
c137,para quien respondio que no cual es la razon princip,solo_concepto,categorica,p35,p38,,2,1.0,code_partial,,Para quién respondió que no ¿cuál es la razón princi,P 38 Para quién respondió que no ¿cuál es la razón p,
c138,cuantos vehiculos de motor autos y camionetas hay en,comparable,numerica,p36,p39,p49,3,1.0,na,,¿Cuántos vehículos de motor (autos y camionetas) hay,¿Cuántos vehículos de motor (autos y camionetas) hay,¿Cuántos vehículos de motor (autos y camionetas) hay
c139,en esta vivienda cual es el gasto total por semana e,comparable,numerica,p37,p40,p50,3,1.0,na,,En esta vivienda ¿Cuál es el gasto total por semana ,En esta vivienda ¿Cuál es el gasto total por semana ,En esta vivienda ¿Cuál es el gasto total por semana 
c140,cuando camina en este municipio considera que los cr,comparable,categorica,p38_1,p43_1,,2,1.0,relabel?,,Cuando camina en este municipio considera que ¿Los c,Cuando camina en este municipio considera que: P 43 ,
c151,considera que en su colonia existe un problema de vi,comparable,categorica,p41,p46,,2,1.0,match,,¿Considera que en su colonia existe un problema de v,P 46 ¿Considera que en su colonia existe un problema,
c152,cuando fue la ultima vez que se mudo de casa,comparable,categorica,p42,p47,p55,3,1.0,relabel?,,¿Cuándo fue la última vez que se mudó de casa?,P 47 ¿Cuándo fue la última vez que se mudó de casa?,¿Cuándo fue la última vez que se mudó de casa?
c153,solo para quienes responden 1 y 2 la vivienda a la q,comparable,categorica,p43,p48,,2,1.0,match,,Solo para quienes responden 1 y 2. La vivienda a la ,P 48 Solo para quienes responden 1 y 2. La vivienda ,
c155,cual fue el motivo de su cambio de residencia,solo_concepto,categorica,p45,p50,,2,1.0,code_partial,,¿Cuál fue el motivo de su cambio de residencia?,P 50 ¿Cuál fue el motivo de su cambio de residencia?,
c161,en su colonia existen perros o gatos abandonados en ,comparable,categorica,p47,p53,p63,3,0.89,match,,¿En su colonia existen perros o gatos abandonados / ,P 53 ¿En su colonia existen perros o gatos abandonad,¿En su colonia existen perros o gatos en la calle o 
c164,cuantas horas trabaja al dia considerando hora de co,comparable,numerica,p5,,p3_1,2,1.0,na,,¿Cuántas horas trabaja al día (considerando hora de ,,¿Cuántas horas trabaja al día (considerando hora de 
c166,por lo general con que frecuencia visita los parques,comparable,categorica,p51,p60,p70,3,1.0,match,,Por lo general ¿con qué frecuencia visita los parque,P 60 Por lo general ¿con qué frecuencia visita los p,Por lo general ¿con qué frecuencia visita los parque
c167,estan limpios y tienen buena imagen,comparable,categorica,p52_1,p61_1,p71_1,3,1.0,match,,Están limpios y tienen buena imagen.,P 61 1 Están limpios y tienen buena imagen.,¿Están limpios y tienen buena imagen?
c168,son seguros para usted y su familia,comparable,categorica,p52_2,,p71_2,2,1.0,match,,Son seguros para usted y su familia.,,¿Son seguros para usted y su familia?
c169,cuentan con espacios para hacer ejercicio canchas ap,comparable,categorica,p52_3,p61_3,p71_3,3,1.0,match,,"Cuentan con espacios para hacer ejercicio (canchas, ",P 61 3 Cuentan con espacios para hacer ejercicio (ca,"¿Cuentan con espacios para hacer ejercicio (canchas,"
c170,cuentan con suficientes arboles y vegetacion en el s,comparable,categorica,p52_4,p61_4,p71_4,3,0.86,match,,Cuentan con suficientes árboles y vegetación en el s,Cuentan con suficientes árboles que brinden sombra y,¿Cuentan con suficientes árboles que brinden sombra 
c171,cuentan con infraestructura necesaria rampas para pe,comparable,categorica,p52_5,p61_5,p71_5,3,0.94,match,,Cuentan con infraestructura necesaria (rampas para p,Cuentan con infraestructura necesaria (rampas para p,¿Cuentan con infraestructura necesaria (rampas para 
c173,implementar verificacion vehicular revision de las e,comparable,categorica,p54_1,p63_1,,2,1.0,match,,Implementar verificación vehicular (revisión de las ,P 63 1 Implementar verificación vehicular (revisión ,
c174,implementar hoy no circula programa en el que salen ,comparable,categorica,p54_2,p63_2,,2,1.0,match,,"Implementar ""Hoy no circula"" (Programa en el que sal","P 63 2 Implementar ""Hoy no circula"" (Programa en el ",
c175,retirar de circulacion a vehiculos contaminantes,comparable,categorica,p54_3,p63_3,,2,1.0,match,,Retirar de circulación a vehículos contaminantes,P 63 3 Retirar de circulación a vehículos contaminan,
c176,invertir mas en transporte publico y menos en infrae,comparable,categorica,p54_4,p63_4,,2,1.0,match,,Invertir más en transporte público y menos en infrae,P 63 4 Invertir más en transporte público y menos en,
c177,sancionar a industrias que contaminen aunque impliqu,comparable,categorica,p54_5,p63_5,,2,1.0,match,,"Sancionar a industrias que contaminen, aunque impliq","P 63 5 Sancionar a industrias que contaminen, aunque",
c187,cuantos dias a la semana trabaja,comparable,numerica,p6,p6,p4,3,1.0,na,,¿Cuántos días a la semana trabaja?:,P 6 ¿Cuántos días a la semana trabaja?:,¿Cuántos días a la semana trabaja?:
c189,con respecto al rio santa catarina cual de las sigui,solo_concepto,categorica,p61,p71,p84,3,0.93,code_partial,,"Con respecto al Río Santa Catarina, ¿cuál de las sig","Con respecto al Río Santa Catarina, ¿cuál de las sig","Con respecto al Río Santa Catarina, ¿cuál de las sig"
c191,como describiria usted la situacion economica de su ,comparable,categorica,p63,p73,p86,3,0.83,match,,¿Cómo describiría usted la SITUACIÓN económica DE SU,¿Cómo describiría usted la SITUACIÓN económica DE SU,De acuerdo con la siguiente escala ¿Cómo describiría
c192,y como cree usted que sera la situacion economica de,comparable,categorica,p64,p74,p87,3,1.0,match,,¿Y cómo cree usted que será la SITUACIÓN económica D,P 74 ¿Y cómo cree usted que será la SITUACIÓN económ,¿Y cómo cree usted que será la SITUACIÓN económica D
c193,con el total del ingreso del hogar diria usted que,comparable,categorica,p65,p75,p88,3,1.0,match,,"Con el TOTAL DEL INGRESO DEL HOGAR, diría usted que…","P 75 Con el TOTAL DEL INGRESO DEL HOGAR, diría usted","Con el TOTAL DEL INGRESO DEL HOGAR, diría usted que…"
c195,considera que las mujeres tienen las mismas oportuni,comparable,categorica,p67,p76,,2,0.94,match,,¿Considera que las mujeres tienen las mismas oportun,P 76 ¿Considera que las mujeres tienen las mismas op,
c196,cree que en nuevo leon se discrimina a la gente por ,comparable,categorica,p68_1,p77_1,,2,0.89,match,,¿Cree que en Nuevo León se discrimina a la gente: po,P 77 1 por ser mujer? ¿Cree que en Nuevo León se dis,
c197,por su forma de vestir o arreglo personal tatuajes r,comparable,categorica,p68_10,p77_10,p89_10,3,1.0,match,,"por su forma de vestir o arreglo personal (tatuajes,",P 77 10 por su forma de vestir o arreglo personal (t,"por su forma de vestir o arreglo personal (tatuajes,"
c198,por tener sobrepeso u obesidad,comparable,categorica,p68_11,p77_11,p89_11,3,1.0,match,,por tener sobrepeso u obesidad?,P 77 11 por tener sobrepeso u obesidad?,por tener sobrepeso u obesidad?
c199,por tener alguna enfermedad,comparable,categorica,p68_12,p77_12,p89_12,3,1.0,match,,por tener alguna enfermedad?,P 77 12 por tener alguna enfermedad?,por tener alguna enfermedad?
c200,por ser migrante,comparable,categorica,p68_13,p77_13,p89_13,3,1.0,match,,por ser migrante?,P 77 13 por ser migrante?,por ser migrante?
c201,por su identidad o expresion de genero personas tran,comparable,categorica,p68_14,p77_14,p89_14,3,1.0,match,,por su identidad o expresión de género (personas tra,P 77 14 por su identidad o expresión de género (pers,por su identidad o expresión de género (personas tra
c202,por haber estado en la carcel,comparable,categorica,p68_15,p77_15,p89_15,3,1.0,match,,por haber estado en la cárcel?,P 77 15 por haber estado en la cárcel?,por haber estado en la cárcel?
c205,por estar en situacion de calle,comparable,categorica,p68_2,p77_2,p89_2,3,1.0,match,,por estar en situación de calle?,P 77 2 por estar en situación de calle?,por estar en situación de calle?
c206,por su embarazo,comparable,categorica,p68_3,p77_3,,2,1.0,match,,por su embarazo?,P 77 3 por su embarazo?,
c207,por su edad,comparable,categorica,p68_4,p77_4,p89_4,3,1.0,match,,por su edad?,P 77 4 por su edad?,por su edad?
c208,por su nivel economico,comparable,categorica,p68_5,p77_5,p89_5,3,1.0,match,,por su nivel económico?,P 77 5 por su nivel económico?,por su nivel económico?
c209,por su origen etnico indigena afrodescendiente etc,comparable,categorica,p68_6,p77_6,p89_6,3,1.0,match,,"Por su origen étnico (indígena, afrodescendiente, et","P 77 6 por su origen étnico (indígena, afrodescendie","por su origen étnico (indígena, afrodescendiente, et"
c210,por ser persona con discapacidad,comparable,categorica,p68_7,p77_7,p89_7,3,1.0,match,,por ser persona con discapacidad?,P 77 7 por ser persona con discapacidad?,por ser persona con discapacidad?
c212,por su color de piel,comparable,categorica,p68_9,p77_9,p89_9,3,1.0,match,,por su color de piel?,P 77 9 por su color de piel?,por su color de piel?
c213,en los ultimos 12 meses considera que la cantidad de,comparable,categorica,p69,p78,,2,1.0,match,,"En los últimos 12 meses, ¿considera que la cantidad ","P 78 En los últimos 12 meses, ¿considera que la cant",
c214,mexico deberia admitir a mas personas migrantes al p,comparable,categorica,p70_1,p79_1,p90_1,3,1.0,match,,México debería admitir a más personas migrantes al p,México debería admitir a más personas migrantes al p,México debería admitir a más personas migrantes al p
c216,las personas migrantes deben tener las mismas oportu,comparable,categorica,p70_3,p79_2,p90_2,3,0.82,match,,Las personas migrantes deben tener las mismas oportu,P 79 2 Las personas migrantes deben tener los mismos,Las personas migrantes deben tener los mismos derech
c217,el aumento de personas migrantes en el estado esta r,comparable,categorica,p70_4,p79_3,,2,1.0,match,,El aumento de personas migrantes en el estado está r,El aumento de personas migrantes en el estado está r,
c221,considera que tiene sobrepeso u obesidad,comparable,categorica,p74,p80,,2,1.0,match,,¿Considera que tiene sobrepeso u obesidad?,P 80 ¿Considera que tiene sobrepeso u obesidad?,
c222,durante los ultimos 12 meses tuvo algun problema de ,solo_concepto,categorica,p75,p81,p92,3,0.92,code_partial,,"Durante los últimos 12 meses, ¿Tuvo algún problema d","Durante los últimos 12 meses, ¿Tuvo algún problema d","Durante los últimos 12 meses, ¿Tuvo algún problema d"
c223,tuvo una consulta medica por este problema de salud,comparable,categorica,p76,p82,p93,3,0.83,match,,¿Tuvo una consulta médica por este problema de salud,¿Acudió a una consulta médica por este problema de s,¿Acudió a una consulta médica por este problema de s
c224,por que no consulto no leer respuestas,comparable,categorica,p77,p83,,2,1.0,relabel?,,¿Por qué no consultó? (no leer respuestas),P 83 ¿Por qué no consultó? (no leer respuestas),
c226,si es cronica le estan dando un seguimiento adecuado,comparable,categorica,p79,p85,,2,1.0,match,,Si es crónica ¿Le están dando un seguimiento adecuad,P 85 Si es crónica ¿Le están dando un seguimiento ad,
c229,guarderia,comparable,categorica,p7_3,p7_3,,2,1.0,match,,Guardería,P 7 3 Guardería,
c230,fondo de ahorro para el retiro,comparable,categorica,p7_4,p7_4,p5_4,3,1.0,match,,Fondo de ahorro para el retiro,P 7 4 Fondo de ahorro para el retiro,Fondo de ahorro para el retiro
c231,aguinaldo,comparable,categorica,p7_5,p7_5,p5_5,3,1.0,match,,Aguinaldo,P 7 5 Aguinaldo,Aguinaldo
c232,bonos de despensa,comparable,categorica,p7_6,p7_6,p5_6,3,1.0,match,,Bonos de despensa,P 7 6 Bonos de despensa,Bonos de despensa
c236,en esta ultima consulta,comparable,categorica,p85,p91,p102,3,1.0,match,,En esta última consulta,P 91 En esta última consulta,En esta última consulta
c241,trato y atencion de personal de enfermeria y tecnico,comparable,categorica,p88_2,p94_2,,2,1.0,match,,Trato y atención de personal de enfermería y técnico,P 94 2 Trato y atención de personal de enfermería y ,
c242,atencion y el servicio por parte del personal admini,comparable,categorica,p88_3,p94_3,p105_2,3,1.0,match,,Atención y el servicio por parte del personal admini,Atención y el servicio por parte del personal admini,Atención y el servicio por parte del personal admini
c243,horarios de atencion,comparable,categorica,p88_4,p94_4,p105_3,3,1.0,match,,Horarios de atención.,P 94 4 Horarios de atención.,Horarios de atención.
c244,informacion recibida sobre el padecimiento,comparable,categorica,p88_5,p94_5,p105_4,3,1.0,match,,Información recibida sobre el padecimiento.,P 94 5 Información recibida sobre el padecimiento.,Información recibida sobre el padecimiento.
c249,se ha sentido decaido a deprimido a,comparable,categorica,p91_1,p96_1,p107_1,3,1.0,match,,"Se ha sentido decaído/a, deprimido/a","P 96 1 Se ha sentido decaído/a, deprimido/a","Se ha sentido decaído/a, deprimido/a"
c250,se ha sentido nervioso a ansioso a o muy alterado a ,comparable,categorica,p91_2,p96_2,p107_2,3,1.0,match,,"Se ha sentido nervioso/a, ansioso/a o muy alterado/a","P 96 2 Se ha sentido nervioso/a, ansioso/a o muy alt","Se ha sentido nervioso/a, ansioso/a o muy alterado/a"
c251,ha tardado mas de 30 minutos en poder dormir o se de,comparable,categorica,p91_3,p96_3,p107_3,3,1.0,match,,"¿Ha tardado más de 30 minutos en poder dormir, o se ",P 96 3 ¿Ha tardado más de 30 minutos en poder dormir,"¿Ha tardado más de 30 minutos en poder dormir, o se "
c277,en la escuela a la que asiste existen dispositivos e,comparable,categorica,,cp15,cp16,2,1.0,match,,,CP 15 En la escuela a la que asiste NOMBRE DEL ESTUD,En la escuela a la que asiste NOMBRE DEL ESTUDIANTE 
c285,al dia cuantas horas destina a actividades de ocio o,comparable,numerica,,p10_1,p9_1,2,0.87,na,,,"Al día, ¿cuántas horas destina a actividades de ocio","Pensando en un día típico, ¿cuántas horas en promedi"
c286,durante el dia de ayer salio de casa nota cuando la ,comparable,categorica,,p11,p10,2,0.91,match,,,¿Durante el día de ayer salió de casa? Nota: Cuando ,"¿Durante el día de ayer salió de casa?

Nota para en"
c287,las mujeres victimas de violencia son responsables d,comparable,categorica,,p115_4,p126_4,2,0.84,match,,,P 115 4 Las mujeres víctimas de violencia son respon,Las mujeres víctimas de violencia son responsables d
c300,es un gobernante honesto,comparable,categorica,,p140_1,p146,2,1.0,match,,,P 140 1 ¿Es un gobernante honesto?,¿Es un gobernante honesto?
c306,sabe quien es la o el diputado local del distrito en,comparable,categorica,,p151_2,p154,2,1.0,match,,,P 151 2 ¿Sabe quién es la o el diputado local del di,¿Sabe quién es la o el diputado local del distrito e
c307,el congreso local es la autoridad responsable de mod,comparable,categorica,,p152_3,p155,2,1.0,relabel?,,,El Congreso Local es la autoridad responsable de mod,El Congreso Local es la autoridad responsable de mod
c308,en terminos generales considera que las y los diputa,comparable,categorica,,p153_4,p156,2,1.0,match,,,P 153 4 En términos generales ¿considera que las y l,En términos generales ¿considera que las y los diput
c309,en terminos generales aprueba o desaprueba el trabaj,comparable,categorica,,p154_5,p157,2,0.89,match,,,P 154 5 En términos generales ¿aprueba o desaprueba ,En términos generales ¿aprueba o desaprueba el traba
c311,como vamos nuevo leon,comparable,categorica,,p158_1,p162_1,2,1.0,match,,,"P 158 1 Cómo Vamos, Nuevo León.","Cómo Vamos, Nuevo León."
c312,alcalde como vamos,comparable,categorica,,p158_2,p162_2,2,1.0,match,,,"P 158 2 Alcalde, Cómo Vamos?","Alcalde, Cómo Vamos?"
c327,hay banquetas durante todo su trayecto,comparable,categorica,,p43_3,p44_3,2,1.0,match,,,P 43 3 ¿Hay banquetas durante todo su trayecto?,¿Hay banquetas durante todo su trayecto?
c328,las banquetas estan danadas roturas hoyos etc,comparable,categorica,,p43_6,p44_6,2,1.0,match,,,"P 43 6 ¿Las banquetas están dañadas? (roturas, hoyos","¿Las banquetas están dañadas? (roturas, hoyos, etc)"
c329,8 existen suficientes arboles que le brinden sombra,comparable,categorica,,p43_8,p44_8,2,0.93,match,,,8 ¿Existen suficientes árboles que le brinden sombra,¿Existen suficientes árboles que le brinden sombra?
c331,disminucion de la presion del agua,comparable,categorica,,p55,p66,2,1.0,match,,,P 55 1 Disminución de la presión del agua,Disminución de la presión del agua
c332,cortes de agua,comparable,categorica,,p56_2,p67,2,1.0,relabel?,,,P 56 2 Cortes de agua,Cortes de agua
c333,mala calidad de agua turbia sucia o mal olor,comparable,categorica,,p57_3,p68,2,1.0,relabel?,,,"P 57 3 Mala calidad de agua (turbia, sucia, o mal ol","Mala calidad de agua (turbia, sucia, o mal olor)"
c340,si respondio que no cual es la razon principal por l,solo_concepto,categorica,,p66,p79,2,0.83,code_partial,,,Si respondió que no ¿Cuál es la razón principal por ,¿Cuál es la razón principal por la que no lo hace?
c342,durante momentos de mucho calor en su casa puede man,comparable,categorica,,p69,p81,2,1.0,match,,,Durante momentos de mucho calor ¿En su casa puede ma,Durante momentos de mucho calor ¿En su casa puede ma
c343,durante momentos de mucho frio en su casa puede mant,comparable,categorica,,p70,p82,2,1.0,match,,,Durante momentos de mucho frío ¿En su casa puede man,Durante momentos de mucho frío ¿En su casa puede man
c345,flexibilidad de horario poder elegir hora de entrada,comparable,categorica,,p7_7,p5_7,2,1.0,match,,,P 7 7 Flexibilidad de horario (poder elegir hora de ,Flexibilidad de horario (poder elegir hora de entrad
c346,transporte privado de la empresa,comparable,categorica,,p7_8,p5_8,2,1.0,match,,,P 7 8 Transporte privado (de la empresa),Transporte privado (de la empresa)
c347,minutos,comparable,numerica,,p92_2,p103_2,2,1.0,na,,,P 92 2 Minutos ____,Minutos ____
c350,regularmente realiza ejercicio o practica algun depo,comparable,categorica,,p97,p108,2,1.0,match,,,P 97 ¿Regularmente realiza ejercicio o practica algú,¿Regularmente realiza ejercicio o practica algún dep
c351,al dia cuantas horas dedica al cuidado no remunerado,comparable,numerica,,p9_1,p8_1,2,0.85,na,,,"Al día, ¿cuántas horas dedica al cuidado no remunera","Pensando en un día típico, ¿cuántas horas en promedi"
