concept_id,wave_id,q_id,option_id,option_label,canon_option_id,canon_label,aprobar
attr_sexo,2022,cp2_1,1,Masculino,attr_sexo:0,Hombre,
attr_sexo,2022,cp2_1,2,Femenino,attr_sexo:1,Mujer,
attr_sexo,2022,cp2_1,9999,No contesta,attr_sexo:9999,No contesta,
c111,2021,p22,0,0,c111:1,1,
c111,2021,p22,1,1,c111:2,2,
c111,2021,p22,2,2,c111:3,3,
c111,2021,p22,3,3,c111:4,4,
c111,2021,p22,4,4,c111:5,5,
c111,2021,p22,5,5,c111:6,6,
c111,2021,p22,6,6,c111:7,7,
c111,2021,p22,7,7,c111:8,8,
c111,2021,p22,8,8,c111:9,9,
c111,2021,p22,9,9,c111:10,10,
c142,2021,p33,1,"Transporte público: no hay rutas, son de mala calidad, el tiempo de espera es elevado.",c142:1,"Transporte público: no hay rutas, son de mala calidad, el tiempo de espera es elevado.",
c142,2021,p33,2,Congestión vehicular (Tráfico).,c142:2,Congestión vehicular (Tráfico).,
c142,2021,p33,3,"Inseguridad en el desplazamiento (choques entre vehículos, atropellos)",c142:3,"Inseguridad para desplazarse (choques entre vehículos, atropellos)",
c142,2021,p33,4,"Calidad de la infraestructura vial para automóviles: baches, semáforos descompuestos, deficiencias viales.",c142:4,"Calidad de la infraestructura vial para automóviles: baches, semáforos descompuestos, deficiencias viales.",
c142,2021,p33,5,No hay infraestructura para peatones y ciclistas.,c142:5,"No hay infraestructura para peatones y ciclistas (banquetas con obstáculos o falta de iluminación, ciclovías inexistentes, etc.)",
c142,2021,p33,6,Cultura vial: no se conduce de acuerdo con el reglamento.,c142:6,Cultura vial: no se conduce de acuerdo con el reglamento.,
c142,2021,p33,8,NS,c142:7,No tengo problemas,
c142,2021,p33,9,NC,c142:8,Costo combustible,
c245,2021,p68,0,0,c245:1,1,
c245,2021,p68,1,1,c245:2,2,
c245,2021,p68,2,2,c245:3,3,
c245,2021,p68,3,3,c245:4,4,
c245,2021,p68,4,4,c245:5,5,
c245,2021,p68,5,5,c245:6,6,
c245,2021,p68,6,6,c245:7,7,
c245,2021,p68,7,7,c245:8,8,
c245,2021,p68,8,8,c245:9,9,
c245,2021,p68,9,9,c245:10,10,
c271,2021,p81_a,0,0,c271:1,1,
c271,2021,p81_a,1,1,c271:2,2,
c271,2021,p81_a,2,2,c271:3,3,
c271,2021,p81_a,3,3,c271:4,4,
c271,2021,p81_a,4,4,c271:5,5,
c271,2021,p81_a,5,5,c271:6,6,
c271,2021,p81_a,6,6,c271:7,7,
c271,2021,p81_a,7,7,c271:8,8,
c271,2021,p81_a,8,8,c271:9,9,
c271,2021,p81_a,9,9,c271:10,10,
c272,2021,p81_b,0,0,c272:1,1,
c272,2021,p81_b,1,1,c272:2,2,
c272,2021,p81_b,2,2,c272:3,3,
c272,2021,p81_b,3,3,c272:4,4,
c272,2021,p81_b,4,4,c272:5,5,
c272,2021,p81_b,5,5,c272:6,6,
c272,2021,p81_b,6,6,c272:7,7,
c272,2021,p81_b,7,7,c272:8,8,
c272,2021,p81_b,8,8,c272:9,9,
c272,2021,p81_b,9,9,c272:10,10,
c273,2021,p81_c,0,0,c273:1,1,
c273,2021,p81_c,1,1,c273:2,2,
c273,2021,p81_c,2,2,c273:3,3,
c273,2021,p81_c,3,3,c273:4,4,
c273,2021,p81_c,4,4,c273:5,5,
c273,2021,p81_c,5,5,c273:6,6,
c273,2021,p81_c,6,6,c273:7,7,
c273,2021,p81_c,7,7,c273:8,8,
c273,2021,p81_c,8,8,c273:9,9,
c273,2021,p81_c,9,9,c273:10,10,
c278,2021,p86,0,0,c278:1,1,
c278,2021,p86,1,1,c278:2,2,
c278,2021,p86,2,2,c278:3,3,
c278,2021,p86,3,3,c278:4,4,
c278,2021,p86,4,4,c278:5,5,
c278,2021,p86,5,5,c278:6,6,
c278,2021,p86,6,6,c278:7,7,
c278,2021,p86,7,7,c278:8,8,
c278,2021,p86,8,8,c278:9,9,
c278,2021,p86,9,9,c278:10,10,
c288,2021,p89_1,0,0,c288:1,1,
c288,2021,p89_1,1,1,c288:2,2,
c288,2021,p89_1,2,2,c288:3,3,
c288,2021,p89_1,3,3,c288:4,4,
c288,2021,p89_1,4,4,c288:5,5,
c288,2021,p89_1,5,5,c288:6,6,
c288,2021,p89_1,6,6,c288:7,7,
c288,2021,p89_1,7,7,c288:8,8,
c288,2021,p89_1,8,8,c288:9,9,
c288,2021,p89_1,9,9,c288:10,10,
c289,2021,p89_2,0,0,c289:1,1,
c289,2021,p89_2,1,1,c289:2,2,
c289,2021,p89_2,2,2,c289:3,3,
c289,2021,p89_2,3,3,c289:4,4,
c289,2021,p89_2,4,4,c289:5,5,
c289,2021,p89_2,5,5,c289:6,6,
c289,2021,p89_2,6,6,c289:7,7,
c289,2021,p89_2,7,7,c289:8,8,
c289,2021,p89_2,8,8,c289:9,9,
c289,2021,p89_2,9,9,c289:10,10,
c290,2021,p89_3,0,0,c290:1,1,
c290,2021,p89_3,1,1,c290:2,2,
c290,2021,p89_3,2,2,c290:3,3,
c290,2021,p89_3,3,3,c290:4,4,
c290,2021,p89_3,4,4,c290:5,5,
c290,2021,p89_3,5,5,c290:6,6,
c290,2021,p89_3,6,6,c290:7,7,
c290,2021,p89_3,7,7,c290:8,8,
c290,2021,p89_3,8,8,c290:9,9,
c290,2021,p89_3,9,9,c290:10,10,
c291,2021,p89_4,0,0,c291:1,1,
c291,2021,p89_4,1,1,c291:2,2,
c291,2021,p89_4,2,2,c291:3,3,
c291,2021,p89_4,3,3,c291:4,4,
c291,2021,p89_4,4,4,c291:5,5,
c291,2021,p89_4,5,5,c291:6,6,
c291,2021,p89_4,6,6,c291:7,7,
c291,2021,p89_4,7,7,c291:8,8,
c291,2021,p89_4,8,8,c291:9,9,
c291,2021,p89_4,9,9,c291:10,10,
c292,2021,p89_5,0,0,c292:1,1,
c292,2021,p89_5,1,1,c292:2,2,
c292,2021,p89_5,2,2,c292:3,3,
c292,2021,p89_5,3,3,c292:4,4,
c292,2021,p89_5,4,4,c292:5,5,
c292,2021,p89_5,5,5,c292:6,6,
c292,2021,p89_5,6,6,c292:7,7,
c292,2021,p89_5,7,7,c292:8,8,
c292,2021,p89_5,8,8,c292:9,9,
c292,2021,p89_5,9,9,c292:10,10,
