concept_id,wave_id,q_id,option_id,concept_option_id
attr_sexo,2022,cp2_1,1,attr_sexo:0
attr_sexo,2022,cp2_1,2,attr_sexo:1
attr_sexo,2022,cp2_1,9999,attr_sexo:9999
attr_sexo,2021,cp2_1,1,attr_sexo:0
attr_sexo,2021,cp2_1,2,attr_sexo:1
attr_sexo,2021,cp2_1,9,attr_sexo:9999
c2025_p127,2024,p116,1,c2025_p127:1
c2025_p127,2024,p116,2,c2025_p127:2
c2025_p127,2024,p116,3,c2025_p127:3
c2025_p127,2024,p116,4,c2025_p127:4
c2025_p127,2024,p116,5,c2025_p127:5
c2025_p127,2024,p116,7,c2025_p127:7
c2025_p127,2024,p116,8,c2025_p127:8_2024
c2025_p127,2024,p116,8888,c2025_p127:8888
c2025_p127,2024,p116,9999,c2025_p127:9999
c2025_p109,2024,p98,1,c2025_p109:1
c2025_p109,2024,p98,2,c2025_p109:2
c2025_p109,2024,p98,3,c2025_p109:3
c2025_p109,2024,p98,4,c2025_p109:insumos_medicos_2024
c2025_p109,2024,p98,5,c2025_p109:5
c2025_p109,2024,p98,6,c2025_p109:6_2024
c2025_p109,2024,p98,7,c2025_p109:7
c2025_p109,2024,p98,8,c2025_p109:8_2024
c2025_p109,2024,p98,9,c2025_p109:9
c2025_p109,2024,p98,10,c2025_p109:10_2024
c2025_p109,2024,p98,11,c2025_p109:8
c2025_p109,2024,p98,8888,c2025_p109:8888
c2025_p109,2024,p98,9999,c2025_p109:9999
c2025_p12,2024,p13,1,c2025_p12:1
c2025_p12,2024,p13,2,c2025_p12:2
c2025_p12,2024,p13,3,c2025_p12:3
c2025_p12,2024,p13,4,c2025_p12:4
c2025_p12,2024,p13,5,c2025_p12:5
c2025_p12,2024,p13,6,c2025_p12:6
c2025_p12,2024,p13,7,c2025_p12:7
c2025_p12,2024,p13,8,c2025_p12:8
c2025_p12,2024,p13,9,c2025_p12:12
c2025_p12,2024,p13,10,c2025_p12:9
c2025_p12,2024,p13,9999,c2025_p12:9999
c2025_p48,2024,p38,1,c2025_p48:1
c2025_p48,2024,p38,2,c2025_p48:2
c2025_p48,2024,p38,3,c2025_p48:3
c2025_p48,2024,p38,4,c2025_p48:4
c2025_p48,2024,p38,5,c2025_p48:5
c2025_p48,2024,p38,6,c2025_p48:6
c2025_p48,2024,p38,7,c2025_p48:7
c2025_p48,2024,p38,8,c2025_p48:8
c2025_p48,2024,p38,9,c2025_p48:9
c2025_p48,2024,p38,10,c2025_p48:11
c2025_p48,2024,p38,11,c2025_p48:11_2024
c2025_p48,2024,p38,12,c2025_p48:12_2024
c2025_p48,2024,p38,13,c2025_p48:13_2024
c2025_p48,2024,p38,14,c2025_p48:10
c2025_p48,2024,p38,15,c2025_p48:15_2024
c2025_p48,2024,p38,9999,c2025_p48:9999
c2025_p51,2024,p45,1,c2025_p51:1
c2025_p51,2024,p45,2,c2025_p51:2
c2025_p51,2024,p45,3,c2025_p51:3
c2025_p51,2024,p45,4,c2025_p51:4
c2025_p51,2024,p45,5,c2025_p51:5
c2025_p51,2024,p45,6,c2025_p51:6
c2025_p51,2024,p45,7,c2025_p51:8
c2025_p51,2024,p45,8,c2025_p51:7
c2025_p51,2024,p45,9,c2025_p51:9_2024
c2025_p51,2024,p45,8888,c2025_p51:8888
c2025_p51,2024,p45,9999,c2025_p51:9999
c2025_p65,2024,p54,1,c2025_p65:1
c2025_p65,2024,p54,2,c2025_p65:2
c2025_p65,2024,p54,3,c2025_p65:3
c2025_p65,2024,p54,4,c2025_p65:4
c2025_p65,2024,p54,5,c2025_p65:5
c2025_p65,2024,p54,6,c2025_p65:6
c2025_p65,2024,p54,7,c2025_p65:15
c2025_p65,2024,p54,8,c2025_p65:8_2024
c2025_p65,2024,p54,9,c2025_p65:17
c2025_p65,2024,p54,8888,c2025_p65:8888
c2025_p65,2024,p54,9999,c2025_p65:9999
c2025_p79,2024,p66,1,c2025_p79:1
c2025_p79,2024,p66,2,c2025_p79:2
c2025_p79,2024,p66,3,c2025_p79:3
c2025_p79,2024,p66,4,c2025_p79:4
c2025_p79,2024,p66,5,c2025_p79:5
c2025_p79,2024,p66,6,c2025_p79:7
c2025_p79,2024,p66,7,c2025_p79:7_2024
c2025_p79,2024,p66,8888,c2025_p79:8888
c2025_p79,2024,p66,9999,c2025_p79:9999
c2025_p80,2024,p67,1,c2025_p80:1
c2025_p80,2024,p67,2,c2025_p80:2
c2025_p80,2024,p67,3,c2025_p80:3
c2025_p80,2024,p67,4,c2025_p80:4
c2025_p80,2024,p67,5,c2025_p80:5
c2025_p80,2024,p67,6,c2025_p80:8
c2025_p80,2024,p67,7,c2025_p80:6
c2025_p80,2024,p67,8888,c2025_p80:8888
c2025_p80,2024,p67,9999,c2025_p80:9999
c2025_p85,2024,p72,1,c2025_p85:1
c2025_p85,2024,p72,2,c2025_p85:2
c2025_p85,2024,p72,3,c2025_p85:3
c2025_p85,2024,p72,4,c2025_p85:4
c2025_p85,2024,p72,5,c2025_p85:5
c2025_p85,2024,p72,6,c2025_p85:6
c2025_p85,2024,p72,7,c2025_p85:7
c2025_p85,2024,p72,8,c2025_p85:8_2024
c2025_p85,2024,p72,9,c2025_p85:9_2024
c2025_p85,2024,p72,10,c2025_p85:14
c2025_p85,2024,p72,11,c2025_p85:15
c2025_p85,2024,p72,8888,c2025_p85:8888
c2025_p85,2024,p72,9999,c2025_p85:9999
c2025_p94,2024,p83,1,c2025_p94:1
c2025_p94,2024,p83,2,c2025_p94:2
c2025_p94,2024,p83,3,c2025_p94:3
c2025_p94,2024,p83,4,c2025_p94:4
c2025_p94,2024,p83,5,c2025_p94:5
c2025_p94,2024,p83,6,c2025_p94:6
c2025_p94,2024,p83,7,c2025_p94:7
c2025_p94,2024,p83,8,c2025_p94:8
c2025_p94,2024,p83,9,c2025_p94:9_2024
c2025_p94,2024,p83,8888,c2025_p94:8888
c2025_p94,2024,p83,9999,c2025_p94:9999
c2025_p99,2024,p88,1,c2025_p99:1
c2025_p99,2024,p88,2,c2025_p99:2
c2025_p99,2024,p88,3,c2025_p99:3
c2025_p99,2024,p88,4,c2025_p99:4_2024
c2025_p99,2024,p88,8888,c2025_p99:8888
c2025_p99,2024,p88,9999,c2025_p99:9999
c2025_p110,2024,p99,1,c2025_p110:1
c2025_p110,2024,p99,2,c2025_p110:2
c2025_p110,2024,p99,3,c2025_p110:3
c2025_p110,2024,p99,4,c2025_p110:4
c2025_p110,2024,p99,5,c2025_p110:5
c2025_p110,2024,p99,6,c2025_p110:6
c2025_p110,2024,p99,7,c2025_p110:7
c2025_p110,2024,p99,8,c2025_p110:8
c2025_p110,2024,p99,9,c2025_p110:9
c2025_p110,2024,p99,10,c2025_p110:14
c2025_p110,2024,p99,8888,c2025_p110:8888
c2025_p110,2024,p99,9999,c2025_p110:9999
c2025_p128,2024,p117,1,c2025_p128:1
c2025_p128,2024,p117,2,c2025_p128:2
c2025_p128,2024,p117,3,c2025_p128:3
c2025_p128,2024,p117,4,c2025_p128:4
c2025_p128,2024,p117,5,c2025_p128:5
c2025_p128,2024,p117,6,c2025_p128:6
c2025_p128,2024,p117,7,c2025_p128:7
c2025_p128,2024,p117,8,c2025_p128:8
c2025_p128,2024,p117,9,c2025_p128:10
c2025_p128,2024,p117,10,c2025_p128:11
c2025_p128,2024,p117,8888,c2025_p128:8888
c2025_p128,2024,p117,9999,c2025_p128:9999
c2025_p129,2024,p118,1,c2025_p129:1
c2025_p129,2024,p118,2,c2025_p129:2
c2025_p129,2024,p118,3,c2025_p129:3
c2025_p129,2024,p118,4,c2025_p129:4
c2025_p129,2024,p118,5,c2025_p129:5
c2025_p129,2024,p118,6,c2025_p129:6
c2025_p129,2024,p118,7,c2025_p129:7
c2025_p129,2024,p118,8,c2025_p129:8_2024
c2025_p129,2024,p118,8888,c2025_p129:8888
c2025_p129,2024,p118,9999,c2025_p129:9999
c2025_p166,2024,p163,1,c2025_p166:1
c2025_p166,2024,p163,2,c2025_p166:2
c2025_p166,2024,p163,3,c2025_p166:3
c2025_p166,2024,p163,4,c2025_p166:4
c2025_p166,2024,p163,5,c2025_p166:5
c2025_p166,2024,p163,6,c2025_p166:6
c2025_p166,2024,p163,7,c2025_p166:7
c2025_p166,2024,p163,8,c2025_p166:8
c2025_p166,2024,p163,9,c2025_p166:10
c2025_p166,2024,p163,10,c2025_p166:13
c2025_p166,2024,p163,11,c2025_p166:11_2024
c2025_p166,2024,p163,12,c2025_p166:12_2024
c2025_p166,2024,p163,13,c2025_p166:13_2024
c2025_p166,2024,p163,14,c2025_p166:16
c2025_p166,2024,p163,8888,c2025_p166:8888
c2025_p166,2024,p163,9999,c2025_p166:9999
c2025_p44_1,2021,p21_1,0,c2025_p44_1:0
c2025_p44_1,2021,p21_1,1,c2025_p44_1:1
c2025_p44_1,2021,p21_1,3,c2025_p44_1:2
c2025_p44_1,2021,p21_1,8,c2025_p44_1:8888
c2025_p44_1,2021,p21_1,9,c2025_p44_1:9999
c2025_p44_1,2021,p21_1,99,c2025_p44_1:7777
c2025_p44_2,2021,p21_2,0,c2025_p44_2:0
c2025_p44_2,2021,p21_2,1,c2025_p44_2:1
c2025_p44_2,2021,p21_2,3,c2025_p44_2:2
c2025_p44_2,2021,p21_2,8,c2025_p44_2:8888
c2025_p44_2,2021,p21_2,9,c2025_p44_2:9999
c2025_p44_2,2021,p21_2,99,c2025_p44_2:7777
c2025_p44_3,2021,p21_3,0,c2025_p44_3:0
c2025_p44_3,2021,p21_3,1,c2025_p44_3:1
c2025_p44_3,2021,p21_3,3,c2025_p44_3:2
c2025_p44_3,2021,p21_3,8,c2025_p44_3:8888
c2025_p44_3,2021,p21_3,9,c2025_p44_3:9999
c2025_p44_3,2021,p21_3,99,c2025_p44_3:7777
c2025_p44_4,2021,p21_4,0,c2025_p44_4:0
c2025_p44_4,2021,p21_4,1,c2025_p44_4:1
c2025_p44_4,2021,p21_4,3,c2025_p44_4:2
c2025_p44_4,2021,p21_4,8,c2025_p44_4:8888
c2025_p44_4,2021,p21_4,9,c2025_p44_4:9999
c2025_p44_4,2021,p21_4,99,c2025_p44_4:7777
c2025_p44_5,2021,p21_5,0,c2025_p44_5:0
c2025_p44_5,2021,p21_5,1,c2025_p44_5:1
c2025_p44_5,2021,p21_5,3,c2025_p44_5:2
c2025_p44_5,2021,p21_5,8,c2025_p44_5:8888
c2025_p44_5,2021,p21_5,9,c2025_p44_5:9999
c2025_p44_5,2021,p21_5,99,c2025_p44_5:7777
c2025_p44_6,2021,p21_6,0,c2025_p44_6:0
c2025_p44_6,2021,p21_6,1,c2025_p44_6:1
c2025_p44_6,2021,p21_6,3,c2025_p44_6:2
c2025_p44_6,2021,p21_6,8,c2025_p44_6:8888
c2025_p44_6,2021,p21_6,9,c2025_p44_6:9999
c2025_p44_6,2021,p21_6,99,c2025_p44_6:7777
c2025_p44_7,2021,p21_8,0,c2025_p44_7:0
c2025_p44_7,2021,p21_8,1,c2025_p44_7:1
c2025_p44_7,2021,p21_8,3,c2025_p44_7:2
c2025_p44_7,2021,p21_8,8,c2025_p44_7:8888
c2025_p44_7,2021,p21_8,9,c2025_p44_7:9999
c2025_p44_7,2021,p21_8,99,c2025_p44_7:7777
c2022_p36_8,2021,p21_9,0,c2022_p36_8:0
c2022_p36_8,2021,p21_9,1,c2022_p36_8:1
c2022_p36_8,2021,p21_9,3,c2022_p36_8:2
c2022_p36_8,2021,p21_9,8,c2022_p36_8:8888
c2022_p36_8,2021,p21_9,9,c2022_p36_8:9999
c2022_p36_8,2021,p21_9,99,c2022_p36_8:7777
c2025_p85,2021,p47,1,c2025_p85:1
c2025_p85,2021,p47,2,c2025_p85:2
c2025_p85,2021,p47,4,c2025_p85:3
c2025_p85,2021,p47,5,c2025_p85:4
c2025_p85,2021,p47,6,c2025_p85:5
c2025_p85,2021,p47,8,c2025_p85:6
c2025_p85,2021,p47,9,c2025_p85:otro
c2025_p85,2021,p47,10,c2025_p85:otro
c2025_p85,2021,p47,11,c2025_p85:otro
c2025_p85,2021,p47,12,c2025_p85:otro
c2025_p85,2021,p47,13,c2025_p85:otro
c2025_p85,2021,p47,14,c2025_p85:otro
c2025_p85,2021,p47,15,c2025_p85:otro
c2025_p92,2021,p57,1,c2025_p92:1
c2025_p92,2021,p57,2,c2025_p92:2
c2025_p92,2021,p57,3,c2025_p92:2
c2025_p92,2021,p57,4,c2025_p92:0
c2025_p94,2021,p59,1,c2025_p94:1
c2025_p94,2021,p59,2,c2025_p94:7
c2025_p94,2021,p59,3,c2025_p94:2
c2025_p94,2021,p59,4,c2025_p94:3
c2025_p94,2021,p59,5,c2025_p94:4
c2025_p94,2021,p59,6,c2025_p94:5
c2025_p94,2021,p59,7,c2025_p94:6
c2025_p94,2021,p59,9,c2025_p94:otro
c2025_p94,2021,p59,10,c2025_p94:otro
attr_servicio_salud_donde_se_atendio,2021,p61,0,attr_servicio_salud_donde_se_atendio:3
attr_servicio_salud_donde_se_atendio,2021,p61,1,attr_servicio_salud_donde_se_atendio:1
attr_servicio_salud_donde_se_atendio,2021,p61,2,attr_servicio_salud_donde_se_atendio:naval_militar_pemex_2021_2023
attr_servicio_salud_donde_se_atendio,2021,p61,3,attr_servicio_salud_donde_se_atendio:6
attr_servicio_salud_donde_se_atendio,2021,p61,4,attr_servicio_salud_donde_se_atendio:5
attr_servicio_salud_donde_se_atendio,2021,p61,5,attr_servicio_salud_donde_se_atendio:4
attr_servicio_salud_donde_se_atendio,2021,p61,6,attr_servicio_salud_donde_se_atendio:10
attr_servicio_salud_donde_se_atendio,2021,p61,7,attr_servicio_salud_donde_se_atendio:2
attr_servicio_salud_donde_se_atendio,2021,p61,8,attr_servicio_salud_donde_se_atendio:medicina_trad_alt_2021_2023
attr_servicio_salud_donde_se_atendio,2021,p61,10,attr_servicio_salud_donde_se_atendio:3
attr_servicio_salud_donde_se_atendio,2021,p61,11,attr_servicio_salud_donde_se_atendio:otro_2021
attr_servicio_salud_donde_se_atendio,2021,p61,12,attr_servicio_salud_donde_se_atendio:otro_2021
attr_servicio_salud_donde_se_atendio,2021,p61,13,attr_servicio_salud_donde_se_atendio:otro_2021
attr_servicio_salud_donde_se_atendio,2021,p61,14,attr_servicio_salud_donde_se_atendio:otro_2021
attr_servicio_salud_donde_se_atendio,2021,p61,9,attr_servicio_salud_donde_se_atendio:otro_2021
attr_servicio_salud_donde_se_atendio,2021,p61,98,attr_servicio_salud_donde_se_atendio:8888
attr_tipo_trabajo,2021,p1,1,attr_tipo_trabajo:1
attr_tipo_trabajo,2021,p1,2,attr_tipo_trabajo:2
attr_tipo_trabajo,2021,p1,3,attr_tipo_trabajo:3
attr_tipo_trabajo,2021,p1,4,attr_tipo_trabajo:4
attr_tipo_trabajo,2021,p1,5,attr_tipo_trabajo:5
attr_tipo_trabajo,2021,p1,6,attr_tipo_trabajo:7
attr_tipo_trabajo,2021,p1,7,attr_tipo_trabajo:8
attr_tipo_trabajo,2021,p1,8,attr_tipo_trabajo:9
attr_tipo_trabajo,2021,p1,9,attr_tipo_trabajo:9
attr_tipo_trabajo,2021,p1,10,attr_tipo_trabajo:9
attr_tipo_trabajo,2021,p1,11,attr_tipo_trabajo:9
attr_tipo_trabajo,2021,p1,12,attr_tipo_trabajo:9
attr_nivel_max_estudios,2021,cp6_1_1,0,attr_nivel_max_estudios:0
attr_nivel_max_estudios,2021,cp6_1_1,1,attr_nivel_max_estudios:1
attr_nivel_max_estudios,2021,cp6_1_1,2,attr_nivel_max_estudios:2
attr_nivel_max_estudios,2021,cp6_1_1,3,attr_nivel_max_estudios:3
attr_nivel_max_estudios,2021,cp6_1_1,5,attr_nivel_max_estudios:4
attr_nivel_max_estudios,2021,cp6_1_1,4,attr_nivel_max_estudios:7
attr_nivel_max_estudios,2021,cp6_1_1,6,attr_nivel_max_estudios:7
attr_nivel_max_estudios,2021,cp6_1_1,8,attr_nivel_max_estudios:11
attr_nivel_max_estudios,2021,cp6_1_1,9,attr_nivel_max_estudios:13
attr_nivel_max_estudios,2021,cp6_1_1,10,attr_nivel_max_estudios:14
attr_nivel_max_estudios,2021,cp6_1_1,7,attr_nivel_max_estudios:normal_2021
attr_nivel_max_estudios,2021,cp6_1_1,96,attr_nivel_max_estudios:8888
attr_nivel_actual_estudios,2021,cp6_2_1,1,attr_nivel_actual_estudios:1
attr_nivel_actual_estudios,2021,cp6_2_1,2,attr_nivel_actual_estudios:2
attr_nivel_actual_estudios,2021,cp6_2_1,3,attr_nivel_actual_estudios:3
attr_nivel_actual_estudios,2021,cp6_2_1,5,attr_nivel_actual_estudios:4
attr_nivel_actual_estudios,2021,cp6_2_1,4,attr_nivel_actual_estudios:7
attr_nivel_actual_estudios,2021,cp6_2_1,6,attr_nivel_actual_estudios:7
attr_nivel_actual_estudios,2021,cp6_2_1,8,attr_nivel_actual_estudios:11
attr_nivel_actual_estudios,2021,cp6_2_1,9,attr_nivel_actual_estudios:13
attr_nivel_actual_estudios,2021,cp6_2_1,10,attr_nivel_actual_estudios:14
attr_nivel_actual_estudios,2021,cp6_2_1,7,attr_nivel_actual_estudios:normal_2021
attr_nivel_actual_estudios,2021,cp6_2_1,96,attr_nivel_actual_estudios:8888
attr_nivel_actual_estudios,2021,cp6_2_1,0,attr_nivel_actual_estudios:14
c2023_p10,2022,p9,1,c2023_p10:1
c2023_p10,2022,p9,2,c2023_p10:2
c2023_p10,2022,p9,3,c2023_p10:3
c2023_p10,2022,p9,4,c2023_p10:4
c2023_p10,2022,p9,5,c2023_p10:5
c2023_p10,2022,p9,6,c2023_p10:6
c2023_p10,2022,p9,7,c2023_p10:7
c2023_p10,2022,p9,8,c2023_p10:8
c2023_p10,2022,p9,9,c2023_p10:9
c2023_p10,2022,p9,10,c2023_p10:ejercicio_2022
c2023_p10,2022,p9,11,c2023_p10:11
c2023_p10,2022,p9,12,c2023_p10:12
c2023_p10,2022,p9,13,c2023_p10:10
c2023_p10,2022,p9,14,c2023_p10:practicas_2022
c2023_p10,2022,p9,15,c2023_p10:panteon_2022
c2023_p10,2022,p9,9999,c2023_p10:9999
c2025_p15,2022,p12,1,c2025_p15:39
c2025_p15,2022,p12,2,c2025_p15:26
c2025_p15,2022,p12,3,c2025_p15:46
c2025_p15,2022,p12,4,c2025_p15:6
c2025_p15,2022,p12,5,c2025_p15:21
c2025_p15,2022,p12,6,c2025_p15:19
c2025_p15,2022,p12,7,c2025_p15:49
c2025_p15,2022,p12,8,c2025_p15:31
c2025_p15,2022,p12,9,c2025_p15:18
c2025_p15,2022,p12,10,c2025_p15:48
c2025_p15,2022,p12,11,c2025_p15:9
c2025_p15,2022,p12,12,c2025_p15:41
c2025_p15,2022,p12,13,c2025_p15:1
c2025_p15,2022,p12,14,c2025_p15:2
c2025_p15,2022,p12,15,c2025_p15:4
c2025_p15,2022,p12,16,c2025_p15:5
c2025_p15,2022,p12,17,c2025_p15:7
c2025_p15,2022,p12,18,c2025_p15:11
c2025_p15,2022,p12,19,c2025_p15:13
c2025_p15,2022,p12,20,c2025_p15:12
c2025_p15,2022,p12,21,c2025_p15:14
c2025_p15,2022,p12,22,c2025_p15:10
c2025_p15,2022,p12,23,c2025_p15:47
c2025_p15,2022,p12,24,c2025_p15:28
c2025_p15,2022,p12,25,c2025_p15:29
c2025_p15,2022,p12,26,c2025_p15:33
c2025_p15,2022,p12,27,c2025_p15:34
c2025_p15,2022,p12,28,c2025_p15:35
c2025_p15,2022,p12,29,c2025_p15:36
c2025_p15,2022,p12,30,c2025_p15:38
c2025_p15,2022,p12,31,c2025_p15:44
c2025_p15,2022,p12,32,c2025_p15:45
c2025_p15,2022,p12,33,c2025_p15:22
c2025_p15,2022,p12,34,c2025_p15:51
c2025_p15,2022,p12,35,c2025_p15:24
c2025_p15,2022,p12,36,c2025_p15:25
c2025_p15,2022,p12,37,c2025_p15:100
c2025_p15,2022,p12,38,c2025_p15:100
c2025_p15,2022,p12,39,c2025_p15:100
c2025_p15,2022,p12,40,c2025_p15:100
c2025_p15,2022,p12,8888,c2025_p15:8888
c2025_p15,2022,p12,9999,c2025_p15:9999
attr_modo_transporte,2022,p14,1,attr_modo_transporte:1
attr_modo_transporte,2022,p14,2,attr_modo_transporte:2
attr_modo_transporte,2022,p14,3,attr_modo_transporte:3
attr_modo_transporte,2022,p14,4,attr_modo_transporte:4
attr_modo_transporte,2022,p14,5,attr_modo_transporte:5
attr_modo_transporte,2022,p14,6,attr_modo_transporte:6
attr_modo_transporte,2022,p14,7,attr_modo_transporte:7
attr_modo_transporte,2022,p14,8,attr_modo_transporte:8
attr_modo_transporte,2022,p14,9,attr_modo_transporte:9
attr_modo_transporte,2022,p14,10,attr_modo_transporte:10
attr_modo_transporte,2022,p14,11,attr_modo_transporte:11
attr_modo_transporte,2022,p14,12,attr_modo_transporte:12
attr_modo_transporte,2022,p14,13,attr_modo_transporte:13
attr_modo_transporte,2022,p14,14,attr_modo_transporte:15
attr_modo_transporte,2022,p14,15,attr_modo_transporte:camioneta_empresa_2022
attr_modo_transporte,2022,p14,8888,attr_modo_transporte:8888
attr_modo_transporte,2022,p14,9999,attr_modo_transporte:9999
c2025_p19,2022,p15,1,c2025_p19:1
c2025_p19,2022,p15,2,c2025_p19:2
c2025_p19,2022,p15,3,c2025_p19:3
c2025_p19,2022,p15,4,c2025_p19:5
c2025_p19,2022,p15,5,c2025_p19:7
c2025_p19,2022,p15,6,c2025_p19:no_deja_cerca_2022_2024
c2025_p19,2022,p15,7,c2025_p19:8
c2025_p19,2022,p15,8,c2025_p19:9
c2025_p19,2022,p15,9,c2025_p19:10
c2025_p19,2022,p15,10,c2025_p19:11
c2025_p19,2022,p15,11,c2025_p19:12
c2025_p19,2022,p15,12,c2025_p19:contagio_2022
c2025_p19,2022,p15,13,c2025_p19:13
c2025_p19,2022,p15,14,c2025_p19:regreso_2022
c2025_p19,2022,p15,8888,c2025_p19:8888
c2025_p19,2022,p15,9999,c2025_p19:9999
c2025_p48,2022,p30,1,c2025_p48:1
c2025_p48,2022,p30,2,c2025_p48:2
c2025_p48,2022,p30,3,c2025_p48:3
c2025_p48,2022,p30,4,c2025_p48:4
c2025_p48,2022,p30,5,c2025_p48:5
c2025_p48,2022,p30,6,c2025_p48:6
c2025_p48,2022,p30,7,c2025_p48:7
c2025_p48,2022,p30,8,c2025_p48:8
c2025_p48,2022,p30,9,c2025_p48:9
c2025_p48,2022,p30,10,c2025_p48:11
c2025_p48,2022,p30,11,c2025_p48:edad_2022
c2025_p48,2022,p30,12,c2025_p48:10
c2025_p48,2022,p30,13,c2025_p48:13
c2025_p48,2022,p30,14,c2025_p48:11
c2025_p48,2022,p30,15,c2025_p48:prefiero_caminar_2022
c2025_p48,2022,p30,16,c2025_p48:no_salgo_2022
c2025_p48,2022,p30,17,c2025_p48:solo_ejercicio_2022_2023
c2025_p48,2022,p30,18,c2025_p48:comodidad_2022
c2025_p48,2022,p30,9999,c2025_p48:9999
c2025_p65,2022,p53,1,c2025_p65:1
c2025_p65,2022,p53,2,c2025_p65:2
c2025_p65,2022,p53,3,c2025_p65:3
c2025_p65,2022,p53,4,c2025_p65:4
c2025_p65,2022,p53,5,c2025_p65:5
c2025_p65,2022,p53,6,c2025_p65:6
c2025_p65,2022,p53,7,c2025_p65:otro_2022
c2025_p65,2022,p53,8888,c2025_p65:8888
c2025_p65,2022,p53,9999,c2025_p65:9999
c2025_p85,2022,p63,1,c2025_p85:1
c2025_p85,2022,p63,2,c2025_p85:2
c2025_p85,2022,p63,3,c2025_p85:3
c2025_p85,2022,p63,4,c2025_p85:4
c2025_p85,2022,p63,5,c2025_p85:5
c2025_p85,2022,p63,6,c2025_p85:6
c2025_p85,2022,p63,7,c2025_p85:7
c2025_p85,2022,p63,8,c2025_p85:otro
c2025_p85,2022,p63,8888,c2025_p85:8888
c2025_p85,2022,p63,9999,c2025_p85:9999
c2025_p94,2022,p74,1,c2025_p94:1
c2025_p94,2022,p74,2,c2025_p94:7
c2025_p94,2022,p74,3,c2025_p94:2
c2025_p94,2022,p74,4,c2025_p94:3
c2025_p94,2022,p74,5,c2025_p94:4
c2025_p94,2022,p74,6,c2025_p94:5
c2025_p94,2022,p74,7,c2025_p94:6
c2025_p94,2022,p74,8,c2025_p94:controlada_2022
c2025_p94,2022,p74,9,c2025_p94:tratamiento_2022
c2025_cp3,2022,cp2_2_1,1,c2025_cp3:0
c2025_cp3,2022,cp2_2_1,2,c2025_cp3:1
c2025_cp3,2022,cp2_2_1,3,c2025_cp3:2
c2025_cp3,2022,cp2_2_1,9999,c2025_cp3:9999
attr_afiliacion_servicio_salud,2021,cp8_1,1,attr_afiliacion_servicio_salud:1
attr_afiliacion_servicio_salud,2021,cp8_1,2,attr_afiliacion_servicio_salud:naval_militar_pemex_2021_2023
attr_afiliacion_servicio_salud,2021,cp8_1,3,attr_afiliacion_servicio_salud:5
attr_afiliacion_servicio_salud,2021,cp8_1,4,attr_afiliacion_servicio_salud:4
attr_afiliacion_servicio_salud,2021,cp8_1,5,attr_afiliacion_servicio_salud:3
attr_afiliacion_servicio_salud,2021,cp8_1,6,attr_afiliacion_servicio_salud:9
attr_afiliacion_servicio_salud,2021,cp8_1,7,attr_afiliacion_servicio_salud:2
attr_afiliacion_servicio_salud,2021,cp8_1,8,attr_afiliacion_servicio_salud:seguro_popular
attr_afiliacion_servicio_salud,2021,cp8_1,10,attr_afiliacion_servicio_salud:13
attr_afiliacion_servicio_salud,2021,cp8_1,11,attr_afiliacion_servicio_salud:otro
attr_afiliacion_servicio_salud,2021,cp8_1,12,attr_afiliacion_servicio_salud:otro
attr_afiliacion_servicio_salud,2021,cp8_1,13,attr_afiliacion_servicio_salud:otro
attr_afiliacion_servicio_salud,2021,cp8_1,14,attr_afiliacion_servicio_salud:otro
attr_afiliacion_servicio_salud,2021,cp8_1,15,attr_afiliacion_servicio_salud:otro
attr_afiliacion_servicio_salud,2021,cp8_1,96,attr_afiliacion_servicio_salud:otro
attr_afiliacion_servicio_salud,2022,cp6_1,1,attr_afiliacion_servicio_salud:1
attr_afiliacion_servicio_salud,2022,cp6_1,2,attr_afiliacion_servicio_salud:naval_militar_pemex_2021_2023
attr_afiliacion_servicio_salud,2022,cp6_1,3,attr_afiliacion_servicio_salud:5
attr_afiliacion_servicio_salud,2022,cp6_1,4,attr_afiliacion_servicio_salud:4
attr_afiliacion_servicio_salud,2022,cp6_1,5,attr_afiliacion_servicio_salud:3
attr_afiliacion_servicio_salud,2022,cp6_1,6,attr_afiliacion_servicio_salud:9
attr_afiliacion_servicio_salud,2022,cp6_1,7,attr_afiliacion_servicio_salud:2
attr_afiliacion_servicio_salud,2022,cp6_1,8,attr_afiliacion_servicio_salud:seguro_popular
attr_afiliacion_servicio_salud,2022,cp6_1,10,attr_afiliacion_servicio_salud:13
attr_afiliacion_servicio_salud,2022,cp6_1,11,attr_afiliacion_servicio_salud:otro
attr_servicio_salud_donde_se_atendio,2022,p76,1,attr_servicio_salud_donde_se_atendio:1
attr_servicio_salud_donde_se_atendio,2022,p76,2,attr_servicio_salud_donde_se_atendio:naval_militar_pemex_2021_2023
attr_servicio_salud_donde_se_atendio,2022,p76,3,attr_servicio_salud_donde_se_atendio:6
attr_servicio_salud_donde_se_atendio,2022,p76,4,attr_servicio_salud_donde_se_atendio:5
attr_servicio_salud_donde_se_atendio,2022,p76,5,attr_servicio_salud_donde_se_atendio:4
attr_servicio_salud_donde_se_atendio,2022,p76,6,attr_servicio_salud_donde_se_atendio:10
attr_servicio_salud_donde_se_atendio,2022,p76,7,attr_servicio_salud_donde_se_atendio:2
attr_servicio_salud_donde_se_atendio,2022,p76,8,attr_servicio_salud_donde_se_atendio:medicina_trad_alt_2021_2023
attr_servicio_salud_donde_se_atendio,2022,p76,9,attr_servicio_salud_donde_se_atendio:3
attr_servicio_salud_donde_se_atendio,2022,p76,10,attr_servicio_salud_donde_se_atendio:en_linea_2022
attr_servicio_salud_donde_se_atendio,2022,p76,11,attr_servicio_salud_donde_se_atendio:seccion50_2022
attr_servicio_salud_donde_se_atendio,2022,p76,12,attr_servicio_salud_donde_se_atendio:metropolitano_2022
attr_servicio_salud_donde_se_atendio,2022,p76,13,attr_servicio_salud_donde_se_atendio:universitario_2022
attr_servicio_salud_donde_se_atendio,2022,p76,7777,attr_servicio_salud_donde_se_atendio:7777
attr_servicio_salud_donde_se_atendio,2022,p76,8888,attr_servicio_salud_donde_se_atendio:8888
attr_servicio_salud_donde_se_atendio,2022,p76,9999,attr_servicio_salud_donde_se_atendio:9999
c2023_p94,2022,p97,1,c2023_p94:1
c2023_p94,2022,p97,2,c2023_p94:2
c2023_p94,2022,p97,3,c2023_p94:3
c2023_p94,2022,p97,4,c2023_p94:4
c2023_p94,2022,p97,5,c2023_p94:5
c2023_p94,2022,p97,6,c2023_p94:7
c2023_p94,2022,p97,8888,c2023_p94:8888
c2023_p94,2022,p97,9999,c2023_p94:9999
attr_afiliacion_servicio_salud,2023,cp6,1,attr_afiliacion_servicio_salud:1
attr_afiliacion_servicio_salud,2023,cp6,2,attr_afiliacion_servicio_salud:naval_militar_pemex_2021_2023
attr_afiliacion_servicio_salud,2023,cp6,3,attr_afiliacion_servicio_salud:5
attr_afiliacion_servicio_salud,2023,cp6,4,attr_afiliacion_servicio_salud:4
attr_afiliacion_servicio_salud,2023,cp6,5,attr_afiliacion_servicio_salud:3
attr_afiliacion_servicio_salud,2023,cp6,6,attr_afiliacion_servicio_salud:9
attr_afiliacion_servicio_salud,2023,cp6,7,attr_afiliacion_servicio_salud:2
attr_afiliacion_servicio_salud,2023,cp6,8,attr_afiliacion_servicio_salud:13
attr_afiliacion_servicio_salud,2023,cp6,9,attr_afiliacion_servicio_salud:10
attr_afiliacion_servicio_salud,2023,cp6,10,attr_afiliacion_servicio_salud:11
attr_afiliacion_servicio_salud,2023,cp6,11,attr_afiliacion_servicio_salud:suspe_2023
attr_afiliacion_servicio_salud,2023,cp6,12,attr_afiliacion_servicio_salud:conalep_2023
attr_afiliacion_servicio_salud,2023,cp6,8888,attr_afiliacion_servicio_salud:8888
attr_afiliacion_servicio_salud,2023,cp6,9999,attr_afiliacion_servicio_salud:9999
attr_modo_transporte,2024,p18,1,attr_modo_transporte:1
attr_modo_transporte,2024,p18,2,attr_modo_transporte:2
attr_modo_transporte,2024,p18,3,attr_modo_transporte:3
attr_modo_transporte,2024,p18,4,attr_modo_transporte:4
attr_modo_transporte,2024,p18,5,attr_modo_transporte:5
attr_modo_transporte,2024,p18,6,attr_modo_transporte:6
attr_modo_transporte,2024,p18,7,attr_modo_transporte:7
attr_modo_transporte,2024,p18,8,attr_modo_transporte:8
attr_modo_transporte,2024,p18,9,attr_modo_transporte:9
attr_modo_transporte,2024,p18,10,attr_modo_transporte:10
attr_modo_transporte,2024,p18,11,attr_modo_transporte:11
attr_modo_transporte,2024,p18,12,attr_modo_transporte:12
attr_modo_transporte,2024,p18,13,attr_modo_transporte:13
attr_modo_transporte,2024,p18,14,attr_modo_transporte:trailer_2024
attr_modo_transporte,2024,p18,15,attr_modo_transporte:cuatrimoto_2024
attr_modo_transporte,2024,p18,16,attr_modo_transporte:tractor_2024
attr_modo_transporte,2024,p18,17,attr_modo_transporte:15
attr_modo_transporte,2024,p18,8888,attr_modo_transporte:8888
attr_modo_transporte,2024,p18,9999,attr_modo_transporte:9999
attr_servicio_salud_donde_se_atendio,2023,p80,1,attr_servicio_salud_donde_se_atendio:1
attr_servicio_salud_donde_se_atendio,2023,p80,2,attr_servicio_salud_donde_se_atendio:naval_militar_pemex_2021_2023
attr_servicio_salud_donde_se_atendio,2023,p80,3,attr_servicio_salud_donde_se_atendio:6
attr_servicio_salud_donde_se_atendio,2023,p80,4,attr_servicio_salud_donde_se_atendio:5
attr_servicio_salud_donde_se_atendio,2023,p80,5,attr_servicio_salud_donde_se_atendio:4
attr_servicio_salud_donde_se_atendio,2023,p80,6,attr_servicio_salud_donde_se_atendio:10
attr_servicio_salud_donde_se_atendio,2023,p80,7,attr_servicio_salud_donde_se_atendio:2
attr_servicio_salud_donde_se_atendio,2023,p80,8,attr_servicio_salud_donde_se_atendio:medicina_trad_alt_2021_2023
attr_servicio_salud_donde_se_atendio,2023,p80,9,attr_servicio_salud_donde_se_atendio:3
attr_servicio_salud_donde_se_atendio,2023,p80,10,attr_servicio_salud_donde_se_atendio:empresariales_2023
attr_servicio_salud_donde_se_atendio,2023,p80,11,attr_servicio_salud_donde_se_atendio:materno_2023
attr_servicio_salud_donde_se_atendio,2023,p80,12,attr_servicio_salud_donde_se_atendio:11
attr_servicio_salud_donde_se_atendio,2023,p80,13,attr_servicio_salud_donde_se_atendio:familiar_2023
attr_servicio_salud_donde_se_atendio,2023,p80,8888,attr_servicio_salud_donde_se_atendio:8888
attr_servicio_salud_donde_se_atendio,2023,p80,9999,attr_servicio_salud_donde_se_atendio:9999
c2025_p15,2023,p14,1,c2025_p15:39
c2025_p15,2023,p14,2,c2025_p15:26
c2025_p15,2023,p14,3,c2025_p15:46
c2025_p15,2023,p14,4,c2025_p15:6
c2025_p15,2023,p14,5,c2025_p15:21
c2025_p15,2023,p14,6,c2025_p15:19
c2025_p15,2023,p14,7,c2025_p15:49
c2025_p15,2023,p14,8,c2025_p15:31
c2025_p15,2023,p14,9,c2025_p15:18
c2025_p15,2023,p14,10,c2025_p15:48
c2025_p15,2023,p14,11,c2025_p15:9
c2025_p15,2023,p14,12,c2025_p15:41
c2025_p15,2023,p14,13,c2025_p15:10
c2025_p15,2023,p14,14,c2025_p15:12
c2025_p15,2023,p14,15,c2025_p15:25
c2025_p15,2023,p14,16,c2025_p15:45
c2025_p15,2023,p14,17,c2025_p15:4
c2025_p15,2023,p14,18,c2025_p15:2
c2025_p15,2023,p14,19,c2025_p15:4
c2025_p15,2023,p14,20,c2025_p15:5
c2025_p15,2023,p14,21,c2025_p15:7
c2025_p15,2023,p14,22,c2025_p15:11
c2025_p15,2023,p14,23,c2025_p15:13
c2025_p15,2023,p14,24,c2025_p15:14
c2025_p15,2023,p14,25,c2025_p15:15
c2025_p15,2023,p14,26,c2025_p15:17
c2025_p15,2023,p14,27,c2025_p15:20
c2025_p15,2023,p14,28,c2025_p15:22
c2025_p15,2023,p14,29,c2025_p15:47
c2025_p15,2023,p14,30,c2025_p15:29
c2025_p15,2023,p14,31,c2025_p15:30
c2025_p15,2023,p14,32,c2025_p15:32
c2025_p15,2023,p14,33,c2025_p15:33
c2025_p15,2023,p14,34,c2025_p15:3
c2025_p15,2023,p14,35,c2025_p15:34
c2025_p15,2023,p14,37,c2025_p15:36
c2025_p15,2023,p14,38,c2025_p15:37
c2025_p15,2023,p14,39,c2025_p15:38
c2025_p15,2023,p14,41,c2025_p15:44
c2025_p15,2023,p14,36,c2025_p15:100
c2025_p15,2023,p14,40,c2025_p15:100
c2025_p15,2023,p14,42,c2025_p15:100
c2025_p15,2023,p14,8888,c2025_p15:8888
c2025_p15,2023,p14,9999,c2025_p15:9999
c2024_p1,2023,p1,0,c2024_p1:0
c2024_p1,2023,p1,1,c2024_p1:1
c2024_p1,2023,p1,3,c2024_p1:no_requieren_2023
c2024_p1,2023,p1,7777,c2024_p1:7777
c2024_p1,2023,p1,8888,c2024_p1:8888
c2024_p1,2023,p1,9999,c2024_p1:9999
c2025_p51,2022,p39,1,c2025_p51:1
c2025_p51,2022,p39,2,c2025_p51:2
c2025_p51,2022,p39,3,c2025_p51:3
c2025_p51,2022,p39,4,c2025_p51:4
c2025_p51,2022,p39,5,c2025_p51:5
c2025_p51,2022,p39,6,c2025_p51:6
c2025_p51,2022,p39,7,c2025_p51:otro_2022
c2025_p51,2022,p39,8,c2025_p51:otro_2022
c2025_p51,2022,p39,7777,c2025_p51:7777
c2025_p51,2022,p39,8888,c2025_p51:8888
c2025_p51,2022,p39,9999,c2025_p51:9999
c2025_p51,2021,p33,1,c2025_p51:1
c2025_p51,2021,p33,2,c2025_p51:2
c2025_p51,2021,p33,3,c2025_p51:3
c2025_p51,2021,p33,4,c2025_p51:4
c2025_p51,2021,p33,5,c2025_p51:5
c2025_p51,2021,p33,6,c2025_p51:6
c2025_p51,2021,p33,7,c2025_p51:otro_2021
c2025_p51,2021,p33,8,c2025_p51:8888
c2025_p51,2021,p33,9,c2025_p51:9999
c2025_p51,2021,p33,10,c2025_p51:otro_2021
c2025_p51,2021,p33,99,c2025_p51:7777
c2025_p51,2023,p40,1,c2025_p51:1
c2025_p51,2023,p40,2,c2025_p51:2
c2025_p51,2023,p40,3,c2025_p51:3
c2025_p51,2023,p40,4,c2025_p51:4
c2025_p51,2023,p40,5,c2025_p51:5
c2025_p51,2023,p40,6,c2025_p51:6
c2025_p51,2023,p40,7,c2025_p51:7
c2025_p51,2023,p40,8,c2025_p51:9_2024
c2025_p51,2023,p40,8888,c2025_p51:8888
c2025_p51,2023,p40,9999,c2025_p51:9999
c2025_p65,2023,p48,1,c2025_p65:1
c2025_p65,2023,p48,2,c2025_p65:2
c2025_p65,2023,p48,3,c2025_p65:3
c2025_p65,2023,p48,4,c2025_p65:4
c2025_p65,2023,p48,5,c2025_p65:5
c2025_p65,2023,p48,6,c2025_p65:6
c2025_p65,2023,p48,7,c2025_p65:obras_sin_terminar_2023
c2025_p65,2023,p48,8,c2025_p65:empresas_contaminantes_2023
c2025_p65,2023,p48,9,c2025_p65:17
c2025_p65,2023,p48,10,c2025_p65:empresas_contaminantes_2023
c2025_p65,2023,p48,8888,c2025_p65:8888
c2025_p65,2023,p48,9999,c2025_p65:9999
c2025_p80,2023,p57,1,c2025_p80:1
c2025_p80,2023,p57,2,c2025_p80:2
c2025_p80,2023,p57,3,c2025_p80:3
c2025_p80,2023,p57,4,c2025_p80:4
c2025_p80,2023,p57,5,c2025_p80:5
c2025_p80,2023,p57,6,c2025_p80:6
c2025_p80,2023,p57,7,c2025_p80:reutiliza_2023
c2025_p80,2023,p57,8888,c2025_p80:8888
c2025_p80,2023,p57,9999,c2025_p80:9999
c2025_p85,2023,p62,1,c2025_p85:1
c2025_p85,2023,p62,2,c2025_p85:2
c2025_p85,2023,p62,3,c2025_p85:3
c2025_p85,2023,p62,4,c2025_p85:4
c2025_p85,2023,p62,5,c2025_p85:5
c2025_p85,2023,p62,6,c2025_p85:6
c2025_p85,2023,p62,7,c2025_p85:7
c2025_p85,2023,p62,8,c2025_p85:contaminacion_auditiva_2023
c2025_p85,2023,p62,9,c2025_p85:15
c2025_p85,2023,p62,10,c2025_p85:14
c2025_p85,2023,p62,8888,c2025_p85:8888
c2025_p85,2023,p62,9999,c2025_p85:9999
c2024_p161,2021,p109,1,c2024_p161:1
c2024_p161,2021,p109,2,c2024_p161:2
c2024_p161,2021,p109,3,c2024_p161:3
c2024_p161,2021,p109,4,c2024_p161:4
c2024_p161,2021,p109,5,c2024_p161:5
c2024_p161,2021,p109,6,c2024_p161:otro_2021
c2024_p161,2021,p109,7,c2024_p161:otro_2021
c2024_p161,2021,p109,8,c2024_p161:otro_2021
c2024_p161,2021,p109,9,c2024_p161:otro_2021
c2024_p161,2022,p109,1,c2024_p161:1
c2024_p161,2022,p109,2,c2024_p161:2
c2024_p161,2022,p109,3,c2024_p161:3
c2024_p161,2022,p109,4,c2024_p161:4
c2024_p161,2022,p109,5,c2024_p161:5
c2024_p161,2022,p109,6,c2024_p161:otro_2022
c2024_p161,2022,p109,8888,c2024_p161:8888
c2024_p161,2022,p109,9999,c2024_p161:9999
c2024_p161,2023,p142,1,c2024_p161:1
c2024_p161,2023,p142,2,c2024_p161:2
c2024_p161,2023,p142,3,c2024_p161:3
c2024_p161,2023,p142,4,c2024_p161:4
c2024_p161,2023,p142,5,c2024_p161:5
c2024_p161,2023,p142,6,c2024_p161:corrupcion_2023
c2024_p161,2023,p142,7,c2024_p161:6
c2024_p161,2023,p142,8,c2024_p161:7
c2024_p161,2023,p142,8888,c2024_p161:8888
c2024_p161,2023,p142,9999,c2024_p161:9999
c2025_p94,2023,p77,1,c2025_p94:1
c2025_p94,2023,p77,2,c2025_p94:2
c2025_p94,2023,p77,3,c2025_p94:3
c2025_p94,2023,p77,4,c2025_p94:4
c2025_p94,2023,p77,5,c2025_p94:5
c2025_p94,2023,p77,6,c2025_p94:6
c2025_p94,2023,p77,7,c2025_p94:7
c2025_p94,2023,p77,8,c2025_p94:no_tomo_medicamento_2023
c2025_p94,2023,p77,9,c2025_p94:atiende_familiar_2023
c2025_p94,2023,p77,8888,c2025_p94:8888
c2025_p94,2023,p77,9999,c2025_p94:9999
c2025_p13,2022,p9_1,1,c2025_p13:1
c2025_p13,2022,p9_1,2,c2025_p13:2
c2025_p13,2022,p9_1,3,c2025_p13:otro_2022
c2025_p13,2022,p9_1,8888,c2025_p13:8888
c2025_p13,2022,p9_1,9999,c2025_p13:9999
c2025_p13,2023,p11,1,c2025_p13:1
c2025_p13,2023,p11,2,c2025_p13:2
c2025_p13,2023,p11,3,c2025_p13:libros_2023
c2025_p13,2023,p11,4,c2025_p13:3
c2025_p13,2023,p11,8888,c2025_p13:8888
c2025_p13,2023,p11,9999,c2025_p13:9999
c2025_p48,2023,p35,1,c2025_p48:1
c2025_p48,2023,p35,2,c2025_p48:2
c2025_p48,2023,p35,3,c2025_p48:3
c2025_p48,2023,p35,4,c2025_p48:4
c2025_p48,2023,p35,5,c2025_p48:5
c2025_p48,2023,p35,6,c2025_p48:6
c2025_p48,2023,p35,7,c2025_p48:7
c2025_p48,2023,p35,8,c2025_p48:8
c2025_p48,2023,p35,9,c2025_p48:9
c2025_p48,2023,p35,10,c2025_p48:11
c2025_p48,2023,p35,11,c2025_p48:13
c2025_p48,2023,p35,12,c2025_p48:10
c2025_p48,2023,p35,13,c2025_p48:solo_ejercicio_2022_2023
c2025_p48,2023,p35,14,c2025_p48:12
c2025_p48,2023,p35,9999,c2025_p48:9999
c2025_p79,2023,p56,1,c2025_p79:1
c2025_p79,2023,p56,2,c2025_p79:2
c2025_p79,2023,p56,3,c2025_p79:3
c2025_p79,2023,p56,4,c2025_p79:4
c2025_p79,2023,p56,5,c2025_p79:envases_2023
c2025_p79,2023,p56,6,c2025_p79:6
c2025_p79,2023,p56,8888,c2025_p79:8888
c2025_p79,2023,p56,9999,c2025_p79:9999
c2025_p109,2021,p69,1,c2025_p109:1
c2025_p109,2021,p69,2,c2025_p109:2
c2025_p109,2021,p69,3,c2025_p109:3
c2025_p109,2021,p69,4,c2025_p109:insumos_y_medicamentos_2021_2023
c2025_p109,2021,p69,5,c2025_p109:6_2024
c2025_p109,2021,p69,6,c2025_p109:7
c2025_p109,2021,p69,7,c2025_p109:programas_preventivos_2021_2023
c2025_p109,2021,p69,8,c2025_p109:otro_2021
c2025_p109,2021,p69,9,c2025_p109:otro_2021
c2025_p109,2021,p69,10,c2025_p109:otro_2021
c2025_p109,2022,p84,1,c2025_p109:1
c2025_p109,2022,p84,2,c2025_p109:2
c2025_p109,2022,p84,3,c2025_p109:3
c2025_p109,2022,p84,4,c2025_p109:insumos_y_medicamentos_2021_2023
c2025_p109,2022,p84,5,c2025_p109:6_2024
c2025_p109,2022,p84,6,c2025_p109:7
c2025_p109,2022,p84,7,c2025_p109:programas_preventivos_2021_2023
c2025_p109,2022,p84,8,c2025_p109:otro_2022
c2025_p109,2022,p84,8888,c2025_p109:8888
c2025_p109,2022,p84,9999,c2025_p109:9999
c2025_p109,2023,p90,1,c2025_p109:1
c2025_p109,2023,p90,2,c2025_p109:2
c2025_p109,2023,p90,3,c2025_p109:3
c2025_p109,2023,p90,4,c2025_p109:insumos_y_medicamentos_2021_2023
c2025_p109,2023,p90,5,c2025_p109:6_2024
c2025_p109,2023,p90,6,c2025_p109:7
c2025_p109,2023,p90,7,c2025_p109:programas_preventivos_2021_2023
c2025_p109,2023,p90,8,c2025_p109:9
c2025_p109,2023,p90,8888,c2025_p109:8888
c2025_p109,2023,p90,9999,c2025_p109:9999
c2025_p128,2021,p97,1,c2025_p128:1
c2025_p128,2021,p97,2,c2025_p128:2
c2025_p128,2021,p97,3,c2025_p128:3
c2025_p128,2021,p97,4,c2025_p128:4
c2025_p128,2021,p97,5,c2025_p128:5
c2025_p128,2021,p97,6,c2025_p128:6
c2025_p128,2021,p97,7,c2025_p128:7
c2025_p128,2021,p97,9,c2025_p128:10
c2025_p128,2022,p102,1,c2025_p128:1
c2025_p128,2022,p102,2,c2025_p128:2
c2025_p128,2022,p102,3,c2025_p128:3
c2025_p128,2022,p102,4,c2025_p128:4
c2025_p128,2022,p102,5,c2025_p128:5
c2025_p128,2022,p102,6,c2025_p128:6
c2025_p128,2022,p102,7,c2025_p128:7
c2025_p128,2022,p102,9,c2025_p128:10
c2025_p128,2022,p102,8888,c2025_p128:8888
c2025_p128,2022,p102,9999,c2025_p128:9999
c2025_p128,2023,p112,1,c2025_p128:1
c2025_p128,2023,p112,2,c2025_p128:2
c2025_p128,2023,p112,3,c2025_p128:3
c2025_p128,2023,p112,4,c2025_p128:4
c2025_p128,2023,p112,5,c2025_p128:5
c2025_p128,2023,p112,6,c2025_p128:6
c2025_p128,2023,p112,7,c2025_p128:7
c2025_p128,2023,p112,9,c2025_p128:10
c2025_p128,2023,p112,8888,c2025_p128:8888
c2025_p128,2023,p112,9999,c2025_p128:9999
c2025_p110,2022,p86,1,c2025_p110:1
c2025_p110,2022,p86,2,c2025_p110:2
c2025_p110,2022,p86,3,c2025_p110:3
c2025_p110,2022,p86,4,c2025_p110:4
c2025_p110,2022,p86,5,c2025_p110:5
c2025_p110,2022,p86,6,c2025_p110:6
c2025_p110,2022,p86,7,c2025_p110:7
c2025_p110,2022,p86,8,c2025_p110:8
c2025_p110,2022,p86,9,c2025_p110:9
c2025_p110,2022,p86,10,c2025_p110:otro_2022
c2025_p110,2022,p86,8888,c2025_p110:8888
c2025_p110,2022,p86,9999,c2025_p110:9999
c2025_p110,2023,p92,1,c2025_p110:1
c2025_p110,2023,p92,2,c2025_p110:2
c2025_p110,2023,p92,3,c2025_p110:3
c2025_p110,2023,p92,4,c2025_p110:4
c2025_p110,2023,p92,5,c2025_p110:5
c2025_p110,2023,p92,6,c2025_p110:6
c2025_p110,2023,p92,7,c2025_p110:7
c2025_p110,2023,p92,8,c2025_p110:8
c2025_p110,2023,p92,9,c2025_p110:9
c2025_p110,2023,p92,10,c2025_p110:14
c2025_p110,2023,p92,11,c2025_p110:todas_2023
c2025_p110,2023,p92,8888,c2025_p110:8888
c2025_p110,2023,p92,9999,c2025_p110:9999
c2025_p127,2023,p111,1,c2025_p127:1
c2025_p127,2023,p111,2,c2025_p127:2
c2025_p127,2023,p111,3,c2025_p127:3
c2025_p127,2023,p111,4,c2025_p127:4
c2025_p127,2023,p111,5,c2025_p127:5
c2025_p127,2023,p111,7,c2025_p127:7
c2025_p127,2023,p111,8,c2025_p127:8_2024
c2025_p127,2023,p111,8888,c2025_p127:8888
c2025_p127,2023,p111,9999,c2025_p127:9999
c2025_p138,2022,p106,1,c2025_p138:1
c2025_p138,2022,p106,2,c2025_p138:2
c2025_p138,2022,p106,3,c2025_p138:3
c2025_p138,2022,p106,4,c2025_p138:4
c2025_p138,2022,p106,5,c2025_p138:5
c2025_p138,2022,p106,6,c2025_p138:gobierno_federal_2022
c2025_p138,2022,p106,8888,c2025_p138:8888
c2025_p138,2022,p106,9999,c2025_p138:9999
c2025_p19,2024,p19,1,c2025_p19:1
c2025_p19,2024,p19,2,c2025_p19:2
c2025_p19,2024,p19,3,c2025_p19:3
c2025_p19,2024,p19,4,c2025_p19:5
c2025_p19,2024,p19,5,c2025_p19:7
c2025_p19,2024,p19,6,c2025_p19:no_deja_cerca_2022_2024
c2025_p19,2024,p19,7,c2025_p19:8
c2025_p19,2024,p19,8,c2025_p19:9
c2025_p19,2024,p19,9,c2025_p19:10
c2025_p19,2024,p19,10,c2025_p19:11
c2025_p19,2024,p19,11,c2025_p19:12
c2025_p19,2024,p19,12,c2025_p19:13
c2025_p19,2024,p19,8888,c2025_p19:8888
c2025_p19,2024,p19,9999,c2025_p19:9999
c2025_p19,2023,p17,1,c2025_p19:1
c2025_p19,2023,p17,2,c2025_p19:2
c2025_p19,2023,p17,3,c2025_p19:3
c2025_p19,2023,p17,4,c2025_p19:5
c2025_p19,2023,p17,5,c2025_p19:7
c2025_p19,2023,p17,6,c2025_p19:no_deja_cerca_2022_2024
c2025_p19,2023,p17,7,c2025_p19:8
c2025_p19,2023,p17,8,c2025_p19:9
c2025_p19,2023,p17,9,c2025_p19:10
c2025_p19,2023,p17,10,c2025_p19:11
c2025_p19,2023,p17,11,c2025_p19:12
c2025_p19,2023,p17,12,c2025_p19:13
c2025_p19,2023,p17,8888,c2025_p19:8888
c2025_p19,2023,p17,9999,c2025_p19:9999
c2025_p11,2024,p12,1,c2025_p11:1
c2025_p11,2024,p12,2,c2025_p11:2
c2025_p11,2024,p12,3,c2025_p11:3
c2025_p11,2024,p12,4,c2025_p11:4
c2025_p11,2024,p12,6,c2025_p11:5
c2025_p11,2024,p12,7,c2025_p11:6
c2025_p11,2024,p12,8,c2025_p11:7
c2025_p11,2024,p12,9,c2025_p11:8
c2025_p11,2024,p12,10,c2025_p11:9
c2025_p11,2024,p12,11,c2025_p11:adulto_mayor_2023_2024
c2025_p11,2024,p12,12,c2025_p11:11
c2025_p11,2024,p12,13,c2025_p11:ningun_dia_para_salir_2024
c2025_p11,2024,p12,14,c2025_p11:11
c2025_p11,2024,p12,9999,c2025_p11:9999
c2025_p11,2022,p10,1,c2025_p11:1
c2025_p11,2022,p10,2,c2025_p11:2
c2025_p11,2022,p10,3,c2025_p11:3
c2025_p11,2022,p10,4,c2025_p11:4
c2025_p11,2022,p10,5,c2025_p11:contagio_2022
c2025_p11,2022,p10,6,c2025_p11:5
c2025_p11,2022,p10,7,c2025_p11:6
c2025_p11,2022,p10,8,c2025_p11:7
c2025_p11,2022,p10,9,c2025_p11:8
c2025_p11,2022,p10,10,c2025_p11:no_tenia_a_que_salir_2022_2023
c2025_p11,2022,p10,11,c2025_p11:visita_2022_2023
c2025_p11,2022,p10,12,c2025_p11:11
c2025_p11,2022,p10,13,c2025_p11:ayudo_casa_2022
c2025_p11,2022,p10,14,c2025_p11:tareas_ninos_2022
c2025_p11,2022,p10,9999,c2025_p11:9999
c2025_p11,2023,p12,1,c2025_p11:1
c2025_p11,2023,p12,2,c2025_p11:2
c2025_p11,2023,p12,3,c2025_p11:3
c2025_p11,2023,p12,4,c2025_p11:4
c2025_p11,2023,p12,6,c2025_p11:5
c2025_p11,2023,p12,7,c2025_p11:6
c2025_p11,2023,p12,8,c2025_p11:7
c2025_p11,2023,p12,9,c2025_p11:8
c2025_p11,2023,p12,10,c2025_p11:11
c2025_p11,2023,p12,11,c2025_p11:visita_2022_2023
c2025_p11,2023,p12,12,c2025_p11:no_tenia_a_que_salir_2022_2023
c2025_p11,2023,p12,13,c2025_p11:cosas_en_casa_2023
c2025_p11,2023,p12,14,c2025_p11:sin_trabajo_ni_dinero_2023
c2025_p11,2023,p12,15,c2025_p11:adulto_mayor_2023_2024
c2025_p11,2023,p12,16,c2025_p11:congestionamiento_2023
c2025_p11,2023,p12,9999,c2025_p11:9999
c2025_p65,2021,p40,1,c2025_p65:1
c2025_p65,2021,p40,2,c2025_p65:2
c2025_p65,2021,p40,3,c2025_p65:3
c2025_p65,2021,p40,4,c2025_p65:4
c2025_p65,2021,p40,5,c2025_p65:5
c2025_p65,2021,p40,6,c2025_p65:otro_2021
c2025_p65,2021,p40,7,c2025_p65:otro_2021
c2025_p65,2021,p40,8,c2025_p65:otro_2021
c2025_p65,2021,p40,98,c2025_p65:8888
c2025_p110,2021,p82,1,c2025_p110:1
c2025_p110,2021,p82,2,c2025_p110:2
c2025_p110,2021,p82,3,c2025_p110:3
c2025_p110,2021,p82,4,c2025_p110:4
c2025_p110,2021,p82,5,c2025_p110:5
c2025_p110,2021,p82,6,c2025_p110:6
c2025_p110,2021,p82,7,c2025_p110:7
c2025_p110,2021,p82,9,c2025_p110:otro_2021
c2025_p110,2021,p82,10,c2025_p110:otro_2021
c2025_p110,2021,p82,98,c2025_p110:8888
c2025_p15,2021,p9_1,0,c2025_p15:48
c2025_p15,2021,p9_1,1,c2025_p15:39
c2025_p15,2021,p9_1,2,c2025_p15:26
c2025_p15,2021,p9_1,3,c2025_p15:46
c2025_p15,2021,p9_1,4,c2025_p15:6
c2025_p15,2021,p9_1,5,c2025_p15:21
c2025_p15,2021,p9_1,6,c2025_p15:19
c2025_p15,2021,p9_1,7,c2025_p15:49
c2025_p15,2021,p9_1,8,c2025_p15:31
c2025_p15,2021,p9_1,9,c2025_p15:18
c2025_p15,2021,p9_1,10,c2025_p15:48
c2025_p15,2021,p9_1,11,c2025_p15:9
c2025_p15,2021,p9_1,12,c2025_p15:otro_2021
c2025_p15,2021,p9_1,13,c2025_p15:otro_2021
c2025_p15,2021,p9_1,14,c2025_p15:otro_2021
c2025_p15,2021,p9_1,15,c2025_p15:otro_2021
c2025_p15,2021,p9_1,16,c2025_p15:otro_2021
c2025_p15,2021,p9_1,17,c2025_p15:otro_2021
c2025_p15,2021,p9_1,18,c2025_p15:otro_2021
c2025_p15,2021,p9_1,19,c2025_p15:otro_2021
c2025_p15,2021,p9_1,20,c2025_p15:otro_2021
c2025_p15,2021,p9_1,21,c2025_p15:otro_2021
c2025_p15,2021,p9_1,22,c2025_p15:otro_2021
c2025_p15,2021,p9_1,23,c2025_p15:otro_2021
c2025_p15,2021,p9_1,24,c2025_p15:otro_2021
c2025_p15,2021,p9_1,25,c2025_p15:otro_2021
c2025_p15,2021,p9_1,26,c2025_p15:otro_2021
c2025_p15,2021,p9_1,27,c2025_p15:otro_2021
c2025_p15,2021,p9_1,28,c2025_p15:otro_2021
c2025_p15,2021,p9_1,29,c2025_p15:otro_2021
c2025_p15,2021,p9_1,30,c2025_p15:otro_2021
c2025_p15,2021,p9_1,31,c2025_p15:otro_2021
c2025_p15,2021,p9_1,32,c2025_p15:otro_2021
c2025_p15,2021,p9_1,33,c2025_p15:otro_2021
c2025_p15,2021,p9_1,34,c2025_p15:otro_2021
c2025_p15,2021,p9_1,35,c2025_p15:otro_2021
c2025_p15,2021,p9_1,36,c2025_p15:otro_2021
c2025_p15,2021,p9_1,37,c2025_p15:otro_2021
c2025_p15,2021,p9_1,38,c2025_p15:otro_2021
c2025_p15,2021,p9_1,39,c2025_p15:otro_2021
c2025_p15,2021,p9_1,40,c2025_p15:otro_2021
c2025_p15,2021,p9_1,41,c2025_p15:otro_2021
c2022_cp5_1,2021,cp4_1,1,c2022_cp5_1:1
c2022_cp5_1,2021,cp4_1,2,c2022_cp5_1:2
c2022_cp5_1,2021,cp4_1,3,c2022_cp5_1:3
c2022_cp5_1,2021,cp4_1,4,c2022_cp5_1:4
c2022_cp5_1,2021,cp4_1,5,c2022_cp5_1:5
c2022_cp5_1,2021,cp4_1,6,c2022_cp5_1:6
c2022_cp5_1,2021,cp4_1,7,c2022_cp5_1:7
c2022_cp5_1,2021,cp4_1,9,c2022_cp5_1:8888
c2022_cp5_1,2021,cp4_1,8,c2022_cp5_1:otro_2021
c2022_cp5_1,2021,cp4_1,10,c2022_cp5_1:otro_2021
c2022_cp5_1,2021,cp4_1,11,c2022_cp5_1:otro_2021
c2022_cp5_1,2021,cp4_1,12,c2022_cp5_1:otro_2021
c2022_cp5_1,2021,cp4_1,13,c2022_cp5_1:otro_2021
c2022_cp5_1,2021,cp4_1,14,c2022_cp5_1:otro_2021
c2022_cp5_1,2021,cp4_1,15,c2022_cp5_1:otro_2021
c2022_cp5_1,2021,cp4_1,16,c2022_cp5_1:otro_2021
c2022_cp5_1,2021,cp4_1,17,c2022_cp5_1:otro_2021
c2022_cp5_1,2021,cp4_1,18,c2022_cp5_1:otro_2021
c2022_cp5_1,2021,cp4_1,19,c2022_cp5_1:otro_2021
c2022_cp5_1,2021,cp4_1,20,c2022_cp5_1:otro_2021
c2022_cp5_1,2021,cp4_1,21,c2022_cp5_1:otro_2021
c2022_cp5_1,2021,cp4_1,22,c2022_cp5_1:otro_2021
c2022_cp5_1,2021,cp4_1,23,c2022_cp5_1:otro_2021
c2022_cp5_1,2021,cp4_1,24,c2022_cp5_1:otro_2021
c2022_cp5_1,2021,cp4_1,25,c2022_cp5_1:otro_2021
c2022_cp5_1,2021,cp4_1,26,c2022_cp5_1:otro_2021
c2022_cp5_1,2021,cp4_1,27,c2022_cp5_1:otro_2021
c2023_p45,2021,p38,0,c2023_p45:10
c2023_p45,2021,p38,1,c2023_p45:1
c2023_p45,2021,p38,2,c2023_p45:2
c2023_p45,2021,p38,3,c2023_p45:3
c2023_p45,2021,p38,4,c2023_p45:4
c2023_p45,2021,p38,5,c2023_p45:5
c2023_p45,2021,p38,6,c2023_p45:6
c2023_p45,2021,p38,7,c2023_p45:7
c2023_p45,2021,p38,8,c2023_p45:8
c2023_p45,2021,p38,9,c2023_p45:9
c2023_p45,2021,p38,10,c2023_p45:10
c2023_p45,2021,p38,11,c2023_p45:11
c2023_p45,2021,p38,12,c2023_p45:12
c2023_p45,2021,p38,13,c2023_p45:13
c2023_p45,2021,p38,14,c2023_p45:14
c2023_p45,2021,p38,15,c2023_p45:14
c2023_p45,2021,p38,16,c2023_p45:14
c2023_p45,2021,p38,17,c2023_p45:14
c2023_p45,2021,p38,18,c2023_p45:14
c2023_p45,2021,p38,19,c2023_p45:14
c2023_p45,2021,p38,20,c2023_p45:14
c2023_p45,2021,p38,21,c2023_p45:14
c2023_p45,2021,p38,22,c2023_p45:14
c2023_p45,2021,p38,23,c2023_p45:14
c2023_p45,2021,p38,24,c2023_p45:14
c2023_p45,2021,p38,25,c2023_p45:14
c2023_p45,2021,p38,26,c2023_p45:14
c2023_p45,2021,p38,27,c2023_p45:14
c2023_p45,2021,p38,28,c2023_p45:14
c2023_p32,2022,p38,1,c2023_p32:1
c2023_p32,2022,p38,2,c2023_p32:2
c2023_p32,2022,p38,3,c2023_p32:3
c2023_p32,2022,p38,4,c2023_p32:4
c2023_p32,2022,p38,5,c2023_p32:5
c2023_p32,2022,p38,6,c2023_p32:6
c2023_p32,2022,p38,7,c2023_p32:7
c2023_p32,2022,p38,8,c2023_p32:7
c2023_p32,2022,p38,9,c2023_p32:7
c2023_p32,2022,p38,10,c2023_p32:7
c2023_p32,2022,p38,8888,c2023_p32:8888
c2023_p32,2022,p38,9999,c2023_p32:9999
c2025_p84,2023,p61,1,c2025_p84:1
c2025_p84,2023,p61,2,c2025_p84:3
c2025_p84,2023,p61,8888,c2025_p84:8888
c2025_p84,2023,p61,9999,c2025_p84:9999
c2025_p112,2024,p101,1,c2025_p112:1
c2025_p112,2024,p101,2,c2025_p112:grupos_delictivos_2024
c2025_p112,2024,p101,3,c2025_p112:4
c2025_p112,2024,p101,4,c2025_p112:5
c2025_p112,2024,p101,5,c2025_p112:6
c2025_p112,2024,p101,6,c2025_p112:7
c2025_p112,2024,p101,7,c2025_p112:8
c2025_p112,2024,p101,8,c2025_p112:9
c2025_p112,2024,p101,9,c2025_p112:11
c2025_p112,2024,p101,10,c2025_p112:12
c2025_p112,2024,p101,11,c2025_p112:todas_las_anteriores_2024
c2025_p112,2024,p101,8888,c2025_p112:8888
c2025_p112,2024,p101,9999,c2025_p112:9999
c2025_p163,2021,p126,1,c2025_p163:1
c2025_p163,2021,p126,2,c2025_p163:2
c2025_p163,2021,p126,3,c2025_p163:3
c2025_p163,2021,p126,4,c2025_p163:otro_2021
c2025_p163,2021,p126,5,c2025_p163:otro_2021
c2025_p163,2021,p126,8,c2025_p163:8888
